[CQ:reply,id=1515437902]公改班的话难度不大（个人感觉）
[CQ:image,file=88ad71239c6848104ca104bf615ef5d0.image,subType=0,url=https://gchat.qpic.cn/gchatpic_new/2955569983/2630953299-3112469872-88AD71239C6848104CA104BF615EF5D0/0?term=2&amp;is_origin=0]
好的好的
欢迎新人[CQ:face,id=178]
好的哥
[CQ:reply,id=1407540508]他是这么说的
我想开摆
听说有机器?
今年刚加的
通知在哪儿看啊
咱们有社会实践的群吗？
今晚看电影
[CQ:image,file=65a2f3a99440ae07b9fb3bff606c1eac.image,subType=1,url=https://gchat.qpic.cn/gchatpic_new/80000000/665647033-2333654476-65A2F3A99440AE07B9FB3BFF606C1EAC/0?term=2&amp;is_origin=0]
[CQ:face,id=32][CQ:face,id=311]
但是常宝荣上面给的最后分构成没有随堂测试
哪一门不是这样
张佼说她随堂测不算分
[CQ:image,file=08f0473ac2cf846045117211d3476e40.image,subType=1,url=https://gchat.qpic.cn/gchatpic_new/80000000/665647033-2432956934-08F0473AC2CF846045117211D3476E40/0?term=2&amp;is_origin=0]
[CQ:image,file=d3f3da824777502083d62779b0fbc8e2.image,subType=1,url=https://gchat.qpic.cn/gchatpic_new/1203448768/665647033-3213336662-D3F3DA824777502083D62779B0FBC8E2/0?term=2&amp;is_origin=0]
请问万良田老师人好吗
[CQ:reply,id=906559680][CQ:at,qq=2412211399] 讲座吧[CQ:at,qq=2412211399] 
[CQ:image,file=488ede52930d306944a6f0a4b74729e9.image,subType=1,url=https://gchat.qpic.cn/gchatpic_new/2412211399/665647033-2422465552-488EDE52930D306944A6F0A4B74729E9/0?term=2&amp;is_origin=0]
四舍租半天电脑，一直到明天早上
[CQ:reply,id=-2138681768][CQ:at,qq=1034456463] [CQ:at,qq=1034456463] 忙死
不知道为啥冒出来个一学期一测
他那意思上学期及格就不用去了
那可能是我以前登过
matlab
校园网没事啊
宿舍里也有
[CQ:image,file=1ed732fddf8ef5507a72fcfad5e6b26a.image,subType=1,url=https://gchat.qpic.cn/gchatpic_new/2422706517/2630953299-2240927794-1ED732FDDF8EF5507A72FCFAD5E6B26A/0?term=2&amp;is_origin=0]
珍爱毕设远离徐教务
因为要跟着主校的那个二维码啥的，都是机器录的
但是老师给分高
应该还是正常闭卷考吧
甚至都没有卷
最近两次没刷
反正也不录进去
[CQ:reply,id=-1622829710][CQ:at,qq=3356714195] 离大谱
不止你
确实
我任何体测项目的任何成绩全都没有录上
选修挂科影响出国？
没有就不用
是不是填串了
拿着工资不干人事儿。[CQ:face,id=36]真tm的恶心
会拖你的分数
在不去测的情况下
[CQ:image,file=27fea6015e5f1d158e615dabeb638074.image,subType=1,url=https://gchat.qpic.cn/gchatpic_new/2422706517/2630953299-3079411584-27FEA6015E5F1D158E615DABEB638074/0?term=2&amp;is_origin=0]
不影响毕业就不去了
还有一些评优之类的
坐在寝室完成了体测
还是要去一下的
管他的，到时候再说
这不是能扯皮?
还有一点是软院好像辅导员没通知这个吧
对啊
就是体育满分100，体测占10分好像是
不会。。审核是学生
他说没有补测
不及格就取消你资格呗
但我去不了
只不过去年疫情
别尬黑
话说体测不合格会怎样（
之前都是乱填
会不会很难
你说影响不
[CQ:reply,id=-931071250][CQ:at,qq=1034456463] [CQ:at,qq=1034456463] 来学生工
体测不及格没奖学金资格
有人辅修过英语吗[CQ:face,id=297][CQ:face,id=297][CQ:face,id=297]
[CQ:face,id=265]
问一下学长学姐推荐辅修嘛
离谱
那个我以为你出毛概。。
[CQ:image,file=e20371a699725d0a753248230d5b7b76.image,subType=1,url=https://gchat.qpic.cn/gchatpic_new/2514273177/572430452-2929253108-E20371A699725D0A753248230D5B7B76/0?term=2&amp;is_origin=0]
体测50来分可以毕业吗
[CQ:image,file=088a44385e11a26ce3441a8165ee75c6.image,subType=1,url=https://gchat.qpic.cn/gchatpic_new/80000000/665647033-2421674600-088A44385E11A26CE3441A8165EE75C6/0?term=2&amp;is_origin=0]
[CQ:image,file=97f0b9b726d19c44fdc95aae6dc582be.image,subType=1,url=https://gchat.qpic.cn/gchatpic_new/80000000/665647033-2530163938-97F0B9B726D19C44FDC95AAE6DC582BE/0?term=2&amp;is_origin=0]
[CQ:face,id=5][CQ:face,id=5][CQ:face,id=5][CQ:face,id=5]
哪个难
还有早八考
教务都是傻狗
[CQ:face,id=267]
为啥叫老虎斌斌
可以看看综一那个高数复习资料
[CQ:face,id=277]?
这种人怎么当上教务的啊
第三，要想拓展视野可以看别的学校的教材或者是考研资料
但是你已经是一个大人了，你应该全都要
你沟通了个鸡巴呢?
[CQ:image,file=efe8ef497918d4abc9e3d28a33bf2716.image,subType=1,url=https://gchat.qpic.cn/gchatpic_new/1205642512/2630953299-2166915838-EFE8EF497918D4ABC9E3D28A33BF2716/0?term=2&amp;is_origin=0]
不买打印店的复习资料是因为都很烂吗还是网上都找得到[CQ:face,id=111]
我以前是邮局邮寄
友友们有人知道酷迪咖啡那个1元券在哪抢吗
物美价廉
直接走学院问
不过几乎学不到啥东西
得不偿失
这就是敷衍一下吗
多数辅修都坚持不下来
[CQ:reply,id=1341526008]很好过
食堂好像有领导检查
需要补考建议选赵志男
我王磊94hhh
然后呢
他校队二把手都没上90
收收收
sing
长安十二时辰最火了吧
现在就剩个头
李哥真可爱
我12点也进了
[CQ:image,file=ea2d613d7c924108f0b39e5e773b1ab9.image,subType=1,url=https://gchat.qpic.cn/gchatpic_new/1214217158/2630953299-2569592354-EA2D613D7C924108F0B39E5E773B1AB9/0?term=2&amp;is_origin=0]
这个真有人挂
冬天刮风也不用去
自己经常快十二点去买喝的
体育选水的就行
有人知道吗
卡的根本进不去
出勤够了不会挂吧
[CQ:face,id=347]
[CQ:image,file=d8c8a618f0fdf898b7942b70a399c2a1.image,subType=0,url=https://gchat.qpic.cn/gchatpic_new/203449090/1129396771-2211383934-D8C8A618F0FDF898B7942B70A399C2A1/0?term=2&amp;is_origin=0]
[CQ:video,file=ed02a560c6b5b206be0377144bb81398.video,url=http://42.81.151.239:80/qqdownload?ver=537152242&amp;rkey=3081fd0201010481f53081f2020101020100020464849eaf0481a6333035313032303130303034333633303334303230313030303230343663376162353536303230333761313366373032303431663033316636663032303436343738313766303034313065643032613536306336623562323036626530333737313434626238313339383032303337613161666630323031303030343134303030303030303836363639366336353734373937303635303030303030303433313330333033330204647817f104350000000866696c657479706500000004313030330000000b646f776e656e63727970740000000130000000047175696300000001300400&amp;filetype=1003&amp;videotype=1&amp;subvideotype=0&amp;term=unknow]
你能不能一次把话说完
题库答案都做不到自己负责
羡慕富二代
周围有什么理发店推荐吗[CQ:face,id=344]
没事学弟 大二好好学 学完了就会感觉日语提升挺大的了
就剩你了，老李
创业管理给30意愿值算多还是算少啊
gap还是可以的
kakikukeko
国際化
填空题和计算填空题
[CQ:reply,id=-1490923000][CQ:at,qq=1020918898] 可以来naosi的软国仓库看看[CQ:face,id=277]
aiueo
学霓虹语真好啊
不难
今晚社会学找个代课，5：30-8：00
[CQ:reply,id=-1606810397]正确的，计科卷王一大堆
我都没说过。?
我才550
[CQ:reply,id=-1606810397]错误的 现在也没几个好好学的
周末休息也准时
我同学参与他的项目
据说吧，之后lb人好像还挺好
所以没录
反正都要重修
软国我知道有竞赛✌?️都没90
不是结束
我记得是王胜法
[CQ:image,file=46857a9de301b4acdaaefebe3280af7a.image,subType=1,url=https://gchat.qpic.cn/gchatpic_new/1214217158/2630953299-2650111986-46857A9DE301B4ACDAAEFEBE3280AF7A/0?term=2&amp;is_origin=0]
好好好
他说他挂的人数符合什么曲线
问他
什么卷王
太傻逼了
现在650优秀
哈哈哈哈
那你直接骂教务
95-99的多
lj机械85都难
教务什么死妈东西
[CQ:reply,id=1653819960][CQ:face,id=344][CQ:face,id=344]
影响毕业不
我有两次半没写出来。
[CQ:image,file=cd60a383ddbafc5c87bee4670e01e9c1.image,subType=1,url=https://gchat.qpic.cn/gchatpic_new/2634558875/2630953299-2676346550-CD60A383DDBAFC5C87BEE4670E01E9C1/0?term=2&amp;is_origin=0]
lb应该也给不了我几分
缓考没有平时分
给笑脸给多了
按照这个算法
或者考前一天你们考我，我给大伙透题也行
我都背完讲义了，那确实没啥事
清华预推免可以报几个呀，听说是3个？
真的
确实新的贩卖机好看一些
以前考试随便混过去就行
开始怀念疫情时代了[CQ:face,id=226]
还在弄就没拍了
新的贩卖机真的上零食了[CQ:face,id=337]
[CQ:face,id=226][CQ:face,id=226][CQ:face,id=226]
那看来得背知识点了
我们是，15个单选，15个判断，10个多选
我看贴吧上说不影响毕业，不知道是不是真的[CQ:face,id=174]
收《工科数学分析同步辅导》
我是开发区的
第三学年的就不太清楚了（（
但必修课是共通的吧
在哪有
及格了也拿不到奖学金，跟我有什么关系
[CQ:reply,id=183538568][CQ:at,qq=2321047703] 是这样的
经济学原理考的挺简单，都是原题
我们抛开事实不谈，成绩没录入你是不是也有责任吧
啊？
没成绩就重跑，不及格也重跑
[CQ:reply,id=1740124280][CQ:at,qq=2069906766] [CQ:at,qq=2069906766] 很好
怎么看待专业课老师 一次签到占总成绩7.5分
那这次测长跑吗?
这以前的体测成绩都没录呀
[CQ:reply,id=-179278457][CQ:at,qq=930942088] [CQ:at,qq=930942088] 这种事核心根本不是谁有问题（（
而是不管谁出问题了负责的都是学生（（（
清华好多夏令营也不发offer
谢谢兄弟
今年西交不面试也不发优营
neu点击就送
不同学科没法比的
[CQ:image,file=9e41e419c3ce35549977c104d8261dbc.image,subType=1,url=https://gchat.qpic.cn/gchatpic_new/3246536261/2630953299-2583878482-9E41E419C3CE35549977C104D8261DBC/0?term=2&amp;is_origin=0]
哦哦哦，多谢啦
不高
[CQ:at,qq=274206710] 你个老东西怎么这么闲到处水群
我去看看体育馆群里那位大官员
你就能网上举报他
我大一没及格也得了成绩
不影响我正常毕业就行?
我认识个人就爱用这个表情
永远留在大工
我们报海洋机会也不大吧
好像上次测过了，但没录
我感觉应该很多人没及格
然后体育学院没人负责
[CQ:reply,id=1628937814][CQ:at,qq=1034456463] [CQ:at,qq=1034456463] 把乒乓球改成原神[CQ:face,id=339]
[CQ:reply,id=1638106330][CQ:at,qq=1336388296] [CQ:at,qq=1336388296] +1
海洋是不是跨得有点多了[CQ:face,id=277]
[CQ:reply,id=-1074130928][CQ:at,qq=1357290132] [CQ:at,qq=1357290132] 挺高的
大一奖学金看大英三四的成绩吗
去年明明测了bmi
清深和我没啥关系[CQ:face,id=173]
清深开了吗
[CQ:reply,id=366356024]上学期上了两次线下
这都是她请假的理由
上了一个学期，我还不知道她长啥样
最后给分咋样啊
[CQ:reply,id=-1544719828][CQ:at,qq=2097517935] 为啥你大三的有啊
我那上面全没成绩
你阶段测试没测叭
[CQ:image,file=459871b9cef5eab2521e2be2af44430f.image,subType=0,url=https://gchat.qpic.cn/gchatpic_new/1327202610/2630953299-3111008186-459871B9CEF5EAB2521E2BE2AF44430F/0?term=2&amp;is_origin=0]
你去真实他
好的谢谢你
那对什么有影响
还是关注一下被“虐待”的丫丫吧
南开的事情
还没录进去
问问体育老师
[CQ:face,id=277]
上学期健美操也测了啊
xdm 西交人机所有夏令营不 还是只有预推免呢 要提前找老师嘛[CQ:face,id=34]
[CQ:image,file=8bb1c733d00054ad74808622e93c13a4.image,subType=1,url=https://gchat.qpic.cn/gchatpic_new/775406246/665647033-2315158636-8BB1C733D00054AD74808622E93C13A4/0?term=2&amp;is_origin=0]
哈哈，我刚刷到那个视频
阳了就是下学期补上[CQ:face,id=277]
[CQ:image,file=7f511bf3bb68944224bc9d62968f373a.image,subType=1,url=https://gchat.qpic.cn/gchatpic_new/775406246/665647033-2789372484-7F511BF3BB68944224BC9D62968F373A/0?term=2&amp;is_origin=0]
xxn的事少管
知道为什么自动贩卖机没了
[CQ:reply,id=581915199]只能解决99%的问题
[CQ:reply,id=1286820840]重装系统
[CQ:reply,id=1286820840]先右键C盘 属性 磁盘清理 浅浅清一下 再关闭电脑的休眠文件 这样能获得几个G以上的空间 再下个ccleaner 让它来帮你清理C盘[CQ:face,id=270]
我们老师说超过10的就别填
gg
我这学期肯定比比上学期低
有分的没及格，没分的算每测
体测不是按年算的
他没给我们录
然后把主校区改成开发区就发过来了
排球也没有啊
C盘满了怎么清啊
没系统我怎么知道我多少分
这是体测
这学期我们老师说，期末有10分是体质测试分
天天这个不清楚问老师问老师，问老师又说看教务通知踢nm皮球
教务说以现场为准
我也没缺席啊?
我也0分
主校区测过了
???
之前都测了
是哪个学期，现在这个学期吗
分
上学期直接扫码自己填表的及格了
[CQ:reply,id=587424921]不知道
感觉要
谁跟你说的
这工训中心?
这边恶心人马
同问，上学期的体测不及格啊
是加公告里发的微信群吗
不到60不能毕业吗
出软国22年面向对象uml，自然语言处理nlp期末真题
背
收软国nlp资料
收软国uml资料，包括练习题和往年期末题
令希最早啥时候能进
有人看欧联杯吗
[CQ:image,file=0f90007d18145a966e6afa1ced7ef3fc.image,subType=7,url=https://gchat.qpic.cn/gchatpic_new/3063401331/665647033-3179744196-0F90007D18145A966E6AFA1CED7EF3FC/0?term=2&amp;is_origin=0]
[CQ:image,file=770bf5727b3149f366a7b4405d54e0f1.image,subType=0,url=https://gchat.qpic.cn/gchatpic_new/2457126874/665647033-3090205860-770BF5727B3149F366A7B4405D54E0F1/0?term=2&amp;is_origin=0]
确实比齐齐哈尔少
[CQ:face,id=344][CQ:face,id=344]给我咬好几个大包
选的英2
[CQ:image,file=56fee8bbde10909719c1871e3d99fd8f.image,subType=1,url=https://gchat.qpic.cn/gchatpic_new/2421905069/665647033-2846648718-56FEE8BBDE10909719C1871E3D99FD8F/0?term=2&amp;is_origin=0]
泥工不是有风洞实验室吗
也是本高
[CQ:reply,id=7737665]大工美女千千万，，
全班都能听到我放的啥歌
我今天也丢脸了
孙丽超级好
我从建艺闲着没事跑生工去了
啥也不说了，我马上就转专业
把数学扔掉我寄点嘎嘎嘎
我就知道我确实是不适合学这玩意了[CQ:face,id=344]
佬
[CQ:image,file=44c6b10464337ea449e60ba400f71f9d.image,subType=1,url=https://gchat.qpic.cn/gchatpic_new/1034456463/665647033-2430101708-44C6B10464337EA449E60BA400F71F9D/0?term=2&amp;is_origin=0]
一个是关于d区的，一个是关于前沿化学的
[CQ:image,file=fc90c214037ffa66a7e60511ab834b69.image,subType=1,url=https://gchat.qpic.cn/gchatpic_new/1034456463/665647033-2639469566-FC90C214037FFA66A7E60511AB834B69/0?term=2&amp;is_origin=0]
[CQ:face,id=264][CQ:face,id=264]
[CQ:face,id=277]?
最后高三百天几乎都是摆烂了
真的希望做PPT的能靠谱一些
我们班没有考好的
史纲分组我当时还挺感动的
[CQ:reply,id=-234199046]好家伙
我也汇报捏
我想过
[CQ:reply,id=-1801093031]我也
因为我莽
为什么表白会被拒绝[CQ:face,id=343]
[CQ:reply,id=554434068][CQ:at,qq=1657738928] [CQ:at,qq=1657738928] 不会画画
enfp
现在总是怕说错话，也就不敢说了
难道一个内向的人一定要变得开朗才能有人喜欢吗
我一直觉得女孩子都是美的
性格能改
变得更优秀
[CQ:reply,id=208583636]我也是，救命
[CQ:reply,id=-1674174872]对
你真的挺勇敢的
但我还是有点悲伤
喝了九瓶了，人都迷糊了
那就说
只要不成功  肯定回不去了
一回寝室我哭哭
这个可以
我好伤心
我觉得试一下是对的
我是沃尔玛购物袋
要不然撕不了那么凶
群里刚刚就差点对立起来了。。。
【王源演唱会大量女生穿婚纱喊“我们结婚吧”演唱会变集体婚礼现场-哔哩哔哩】 https://b23.tv/WJVzmvM
记住，我是盒子他爸爸
果然八婆是人类的本质
明天我不一定在群里，建议私聊我，告诉我后续发展
什么是crush
[CQ:reply,id=535537567]投毒吧
?
[CQ:reply,id=-1271714678]这什么话啊，正常聊天和性暗示聊天肯定不一样啊
[CQ:reply,id=-1271714678]至少得有点边界感
“那鸽鸽怎么办鸭”
要把我抢走
你在什么圈子 你圈子里就是什么人
不过无所谓，我找不到[CQ:face,id=182]
看看贾振元
三观不同不一定下头
如果她说只是普通朋友呢
你不知道也还好，知道了还这样那你就也有错误了
[CQ:reply,id=1830835556][CQ:at,qq=3565476166] [CQ:at,qq=3565476166] 你不是一个人
算了吧
[CQ:image,file=f342f9b8718772aac005eda2c9278af5.image,subType=1,url=https://gchat.qpic.cn/gchatpic_new/3276362941/665647033-2487390182-F342F9B8718772AAC005EDA2C9278AF5/0?term=2&amp;is_origin=0]
果然，这个群每天都在让我开眼界
真愿打愿挨
墨迹啥啊
[CQ:reply,id=-782687631]啥时候换
反正肉没少
确实
别撬
大家晚安
问到点上了
惩罚一下小仙女，好吗
给我搓硬了
反正很难绷
感情还不错
现在就正常亲人
小学跟女同学互摸过
你说的对，但是《原神》是由米哈游自主研发的一款全新开放世界冒险游戏。游戏发生在一个被称作「提瓦特」的幻想世界，在这里，被神选中的人将被授予「神之眼」，导引元素之力。你将扮演一位名为「旅行者」的神秘角色，在自由的旅行中邂逅性格各异、能力独特的同伴们，和他们一起击败强敌，找回失散的亲人——同时，逐步发掘「原神」的真相。
[CQ:image,file=f5a4a2d74ec9d637da2476cab3b8cb3b.image,subType=1,url=https://gchat.qpic.cn/gchatpic_new/80000000/781724571-2832021120-F5A4A2D74EC9D637DA2476CAB3B8CB3B/0?term=2&amp;is_origin=0]
离谱了兄弟
别一直强调舔你
这不道德
吞10086根针
乐
坏女人??
根据我以往的恋爱经验来看
今天还和我说
我还记得我表姐坐在浴缸里尿尿的样子
一个女生
几年级啊
上头
群主，我想问下，咱们六一福利还是不是跟以前一样每人 5000美金现金+2根金条+20瓶茅台 +8箱阳澄湖大闸蟹 +4斤藏红花 +10盒燕窝+8盒虫草+ iPhone 14 Pro Max 1TB 暗紫色+Lv trianer 黑色和牛仔蓝共两双+一条不锈钢裤衩+一箱黄桃罐头+辣椒炒肉+大葱蘸酱+钙奶片+游戏礼包+一箱连花清瘟+一条中华+一箱奥利奥+一箱薯片+一箱康师傅泡面+一个对象+一个英国爵位+三个詹姆斯韦布望远镜使用权+五个舔狗+三套高定礼服+一个手办+包年b站大会员+包年腾讯会员+一条大金链子+5套cos服+语数英物化家教政地生历老师+10个648+9999个纠缠之缘（原神）+100个二次元人物的立牌+999999个回声（第五）＋999999999999个星石（hp）+114514根蜡烛（光遇）+1000颗心（光遇）+一套北京四合院+99999999磕钻石（mc）+12个大月卡（原神）+一杯阿华田+奶茶+一个豌豆射手+一只布偶猫+一只三花猫+一只金毛+一只萨摩耶+一只贵宾犬+一只美短+喜灰电影票+熊出没电影票+无限兑换码+丝之歌+一个apple watch series8爱马仕表带版+银行卡打款100亿美金+一台黑色的华为mate50+保时捷12+512G +一部蓝色的iPhone14Pro max 512G+一个Steam deck+一台Mac Pro （28 核 2.5GHz Intel Xeon W 28 核、56 线程 Turbo Boost 最高可达 4.4GHz 66.5MB 缓存 支持 2933MHz 内存 1.5TB AMD Radeon Pro W6800X Duo Apple Afterburner ProRes 和 ProRes RAW 加速卡 8TB 固态硬盘）+一台Pro Display XDR显示器（Nano-texture 纳米纹理玻璃面板+Pro Stand 支架）+一台ROG枪神6Plus 第12代英特尔酷睿17.3英寸游戏本笔记本电脑(i9-12900H 液金导热 32G 1TB 2.5K RTX3080Ti )+一辆劳斯莱斯库里南+一架波音747+湾流G-550（Gulfstream G-550私人飞机，兰博基尼Aventador Roadster特别版+一个switch oled外加200套随机游戏+一栋汤臣一品吗
会欣赏人体的美
请问校区周围有什么好的口腔医院
太高雅了
情商这个东西又不是就为了求偶
我的启蒙是看文艺复兴作品
[CQ:reply,id=-1817872015][CQ:at,qq=3063401331] 其实你说的多了就会在平常生活里下意识的这么做了
之前我高中的时候就挺能跟班里女生搭上话的
意识到男女思维差异和社会现状之后就发现其实处对象也没啥好玩的
下课必须去luaoliao
今天买了wallpaper
cao
[CQ:reply,id=560196243]美国派美国派！
情商高且正派的人身边从来不会缺异性的[CQ:face,id=344]
我是因为懒
[CQ:image,file=a2525df529d8a1fd7ccbbaa577e73c27.image,subType=1,url=https://gchat.qpic.cn/gchatpic_new/2175914720/665647033-2933829552-A2525DF529D8A1FD7CCBBAA577E73C27/0?term=2&amp;is_origin=0]
[CQ:reply,id=-1387499250]非常赞同的
？？好奇怪呀，没有情商就去学呀，为啥要用情商低来标榜自己的纯情
饼干儿童节快乐
各找各的其实就造成现在这种状况
你小子
可能确实不大懂
是啊，没话找话那确实尴尬
没有乐趣的性爱是精神负担
我感觉至少不会反感
[CQ:image,file=40ba5503445eb84882767d23fb2825b3.image,subType=0,url=https://gchat.qpic.cn/gchatpic_new/2667509169/572430452-3038920874-40BA5503445EB84882767D23FB2825B3/0?term=2&amp;is_origin=0]
[CQ:face,id=178]说不定老八从那以后再也没上了媳妇儿的床
哥们你太懂了
[CQ:face,id=277][CQ:face,id=277]
大超可能有
要健康干嘛
互看不上罢了
[CQ:face,id=182][CQ:face,id=182]
跟溜冰一样
我都喜欢吸舌头
性格合，不一定他多会说话吧
？？？
[CQ:face,id=266]
[CQ:image,file=4917804ce18c24043e2ade81eed20bc5.image,subType=1,url=https://gchat.qpic.cn/gchatpic_new/1214217158/665647033-2735580352-4917804CE18C24043E2ADE81EED20BC5/0?term=2&amp;is_origin=0]
谁不想搞纯爱呢[CQ:face,id=5]
[CQ:reply,id=1276751537][CQ:at,qq=1957739836] 貌似找到了
太强了
太荒谬啦
可以要群友吗
可以找群友要嘛[CQ:face,id=111]
弟弟，你也不想你发资源的事情被大家知道吧
有在魔宿租的吗
[CQ:face,id=347]
[CQ:face,id=347]
主要我对那种事情没兴趣
[CQ:face,id=3]
[CQ:image,file=46df6ff8b3979fbeb2047864e6f8cddf.image,subType=1,url=https://gchat.qpic.cn/gchatpic_new/2269261604/665647033-2874203830-46DF6FF8B3979FBEB2047864E6F8CDDF/0?term=2&amp;is_origin=0]
下次来点图辨认一下
六条腿可能是红火蚁（？
蜘蛛？
老子每堂课都去了
曰了狗
一般挂了的不都有补考么
真可惜我100
看了看还真出了
哪个班
我已经知道绵羊是谁了
月末了，还有130多G流量没用完
[CQ:image,file=a09f5b58ecb922101581c849c0077ff0.image,subType=1,url=https://gchat.qpic.cn/gchatpic_new/1050540046/572430452-2890035598-A09F5B58ECB922101581C849C0077FF0/0?term=2&amp;is_origin=0]
求租一条西裤，尺码180的
或者直接找他
不如再办个流量卡
好家伙，似乎还有《大鱼海棠》（好像是）……
[CQ:image,file=140ca933ec10de62b8e02889c4be3a9e.image,subType=0,url=https://gchat.qpic.cn/gchatpic_new/80000000/781724571-2845593088-140CA933EC10DE62B8E02889C4BE3A9E/0?term=2&amp;is_origin=0]
跑分贼恐怖
有无佬
督导张毅
线上教学拷打是吧
特别是蒋老师
zzh让我想起了当时教概率的杨老师
zzh
[CQ:image,file=47f6662d407f6cc98f9dc13440a91d6e.image,subType=0,url=https://gchat.qpic.cn/gchatpic_new/80000000/781724571-2292071614-47F6662D407F6CC98F9DC13440A91D6E/0?term=2&amp;is_origin=0]
 确实
单世民上课折磨
[CQ:reply,id=1756330548]有这么夸张吗
计网
可是首发价才7999
[CQ:face,id=344][CQ:face,id=344]?
我靠
了不起大人
没有那种坏的纯粹的
有没有人有想法？
[CQ:image,file=3f47935a2763c78ad025e68a3c19cbd7.image,subType=7,url=https://gchat.qpic.cn/gchatpic_new/1216609161/665647033-2799813622-3F47935A2763C78AD025E68A3C19CBD7/0?term=2&amp;is_origin=0]
都不知道放多久了
软件的课就是水
龙王塘吗
软件那边的系统分析都没几个挂的
但是感觉被骗了（）
千兆
有什么推荐吗
龙王塘有采摘的
到季节的时候也这么贵吗
大连樱桃太贵了，不建议
估计以后读他研究生去实验室晚了，就让你滚出去[CQ:face,id=29]
挺严格的
然后入坑
这种风评会有本校学生去读吗
我记得生活区有个洞
出近代史机考题及资料
期末？阶段？
本科生还好
孙伟峰田园覃振权怎么你了
[CQ:reply,id=-1482030966]今天都最后一天了[CQ:face,id=277]
请问赵哲焕老师的数据库课程，所有作业都要交纸质版还是直接学习通拍照上传阿?
[CQ:image,file=535d2f138151c6251c19a4ea06808e88.image,subType=1,url=https://gchat.qpic.cn/gchatpic_new/2815973911/572430452-2698005962-535D2F138151C6251C19A4EA06808E88/0?term=2&amp;is_origin=0]
不认识200拿下
看什么牌子
[CQ:image,file=68972afaf34197724a764e857da95490.image,subType=7,url=https://gchat.qpic.cn/gchatpic_new/80000000/665647033-2501499230-68972AFAF34197724A764E857DA95490/0?term=2&amp;is_origin=0]
[CQ:face,id=178]
[CQ:face,id=267][CQ:face,id=267]佬们看看这个方向有前途不 
[CQ:face,id=297]
头一次见转光电的
然后他坚定的跑路了
我们这儿光电一堆去清北的
清北华五里面明确开光学专业的就清华，浙大
量子算光电吗
跳入天坑是吧
[CQ:image,file=a42bcc357fc0f15702537c36c244bee5.image,subType=1,url=https://gchat.qpic.cn/gchatpic_new/2010443266/665647033-3089322968-A42BCC357FC0F15702537C36C244BEE5/0?term=2&amp;is_origin=0]
中规中矩
学长是光电方向的嘛？可以咨询一下吗
我也是
一声枪响，选手们起跑了，博尔特目前领先，等等，有人超过他了，是霍金！是霍金！他遥遥领先，竟然把博尔特甩在身后，天呐，霍金冲线了，5.98秒，不敢相信，霍金5.98秒冲线啦！！！他创下了新的世界纪录！！
我反思
师兄们都在跑路
我把把禁，害怕对面玩，也害怕队友玩[CQ:face,id=317]
[CQ:reply,id=2052090131][CQ:at,qq=576405807] [CQ:at,qq=576405807] 哇去，感谢啊
他是一里出现的吗
[CQ:reply,id=-781231573][CQ:at,qq=1912067474] 这个都绿了上面的也会绿
哦哦哦
你在暗示什么，你想暗示什么[CQ:face,id=11]
[CQ:at,qq=2788869118]
我觉得只看作业题85怎么都有了
她说去年前年疫情期间出题太简单了
我有大会员
离谱
不是及格就满分吗
我没问助教
大物哪个专业都是6.12吗？
大英
[CQ:face,id=178]
这个iceman是干啥的啊
21世纪还长着呢
最近（[CQ:face,id=277]）
[CQ:face,id=344,type=sticker]
应该可以的
然后把空额留给鼠鼠
[CQ:image,file=598aa732dd4bae3d54f3db8d64512b7d.image,subType=1,url=https://gchat.qpic.cn/gchatpic_new/2055978683/4147692443-2591511622-598AA732DD4BAE3D54F3DB8D64512B7D/0?term=2&amp;is_origin=0]
有没有能动志愿群啊
希望新校长不要重蹈覆辙吧[CQ:face,id=178]
能打印资料带进去吗
[CQ:face,id=173][CQ:face,id=173]
党史几点下课，说几号考试了吗[CQ:face,id=5]
不要老坛酸菜的
[CQ:image,file=544247a40dd4dc1c3423160e165e2c4b.image,subType=0,url=https://gchat.qpic.cn/gchatpic_new/2472803529/2630953299-3181795180-544247A40DD4DC1C3423160E165E2C4B/0?term=2&amp;is_origin=1]
贵族学校哈哈
感觉好尴尬
一周三次
下半身用弹力带
[CQ:reply,id=1718186982]好的，谢谢你
跑步真的容易出问题
可能是跑前没热身
主要是我平时都是坚持跑步
舍友是变态怎么办
[CQ:reply,id=-320049181][CQ:at,qq=2684774530] 鼎 桥
100%
打游戏啥还得靠电脑
我就喜欢用redmi
所以放心买华为吧
在脖子上挂大金砖更受欢迎[CQ:face,id=300]
[CQ:at,qq=1068074426] 你太善良了?
不挂就行
哈哈哈哈哈哈哈哈
[CQ:image,file=1db90d96b7ae9a03a8084f38791f5fa4.image,subType=1,url=https://gchat.qpic.cn/gchatpic_new/1241701355/665647033-3073096864-1DB90D96B7AE9A03A8084F38791F5FA4/0?term=2&amp;is_origin=0]
[CQ:reply,id=-1992113968]官网
嘉年华干啥的
是暑期优惠
[CQ:reply,id=684073025][CQ:at,qq=1322938173] [CQ:at,qq=1322938173] 是不是xl老师[CQ:face,id=277]
[CQ:reply,id=1832674607][CQ:at,qq=2302233695] [CQ:at,qq=2302233695] 为什么不来20舍[CQ:face,id=326]
主要是人家也要洗
请问有没有人捡到我的玉兰卡
不用绝食，控制饮食就能瘦的很轻松
瘦不了一点
[CQ:image,file=750cade10d1e96a331278097c8f87ac4.image,subType=1,url=https://gchat.qpic.cn/gchatpic_new/2412211399/665647033-3137722834-750CADE10D1E96A331278097C8F87AC4/0?term=2&amp;is_origin=0]
不过瘦下来确实变好看了
现在是修改不了信息了吗
绝食永远反弹
考研人必须活动身体，不然免疫力和腰颈椎都受不了
[CQ:image,file=314db052c1847c0b51794ce3eff22482.image,subType=1,url=https://gchat.qpic.cn/gchatpic_new/80000000/665647033-2508644476-314DB052C1847C0B51794CE3EFF22482/0?term=2&amp;is_origin=0]
理想的生活状态[CQ:face,id=76]
嗯嗯
运动绝对是最好的兴趣之一
去跑步还要遮来遮去的
只要够自律
我上次就上当了(
[CQ:reply,id=-1438808740]护肤
而且整个人变得更健康了
[CQ:image,file=4ca5ec0bca0e7a66b83714718d9948db.image,subType=1,url=https://gchat.qpic.cn/gchatpic_new/3104132256/2630953299-2241485194-4CA5EC0BCA0E7A66B83714718D9948DB/0?term=2&amp;is_origin=0]
感觉健身的男生确实蛮帅的
女性卧推60kg就是大佬了，但是男性卧推60kg还是菜鸡
男性睾酮素是女性的15～25倍
[CQ:image,file=6e28b797d3293cda1abd1acd5f8049fe.image,subType=0,url=https://gchat.qpic.cn/gchatpic_new/3104132256/2630953299-2363711474-6E28B797D3293CDA1ABD1ACD5F8049FE/0?term=2&amp;is_origin=1]
要新开的班吧
这是什么班
争取今年卧推过100
彭于晏?
我要是一直躺着，一天只需要吃一顿
邮局
我就在喝奶茶
[CQ:reply,id=285880245]光合作用[CQ:face,id=277]
反正就是不吃晚饭，每天晚上锻炼一个小时
收数据库、操作系统真题
微胖要是前凸后翘
比如五五分的身材
差不多了
除非是病理性的
好的，谢谢兄弟！
也不完全天生吧
只能说很多好看的衣服对身材要求极高
我知道
欢迎欢迎
海事？
外卖那个吗
我感觉看体重没用
瘦成杆子了
大腿主要是得有些肌肉
[CQ:reply,id=-2076463905]所以
不如直接拍卖
这是为什么
120以下都不要紧
？
基本上女生都是爱漂亮的多
那就是你学长
[CQ:reply,id=97246806] 
哦确实
说到底还是基数问题
美女确实没那么颜控吧
蚌埠住了
我怎么是驴子
老许
[CQ:image,file=4b2be8ff4df39deb2bfc548c29e1c7a2.image,subType=0,url=https://gchat.qpic.cn/gchatpic_new/3087702589/4147692443-3051072306-4B2BE8FF4DF39DEB2BFC548C29E1C7A2/0?term=2&amp;is_origin=0]
快进到大超可乐涨价
[CQ:reply,id=-539791316][CQ:at,qq=3522667062] 再过一年和现在也差不多[CQ:face,id=312]
刚分手肯定会觉得寂寞
[CQ:reply,id=626271089]这种一般要么正在谈恋爱
[CQ:image,file=32697fd1908b1ce92330a910531fbb17.image,subType=1,url=https://gchat.qpic.cn/gchatpic_new/2302233695/665647033-3039193048-32697FD1908B1CE92330A910531FBB17/0?term=2&amp;is_origin=0]
帅的很难没谈过吧
不冰不喝
没事了
责，然后想夹一下
[CQ:image,file=f478fbd67506f614b823a9dfb291de64.image,subType=1,url=https://gchat.qpic.cn/gchatpic_new/2412211399/665647033-2418538500-F478FBD67506F614B823A9DFB291DE64/0?term=2&amp;is_origin=0]
问就是区间可变化
基本从高中
[CQ:face,id=282]
群友有知道
看啥样的任务吧
对
练的好了
总不能人人都又丑又矮吧
[CQ:face,id=342,type=sticker]
这是偷钱那个燕子吗[CQ:face,id=230][CQ:face,id=230]
小样本
那你为啥
他妈的你真是个全能大佬
[CQ:image,file=591edbae7c1be7a533f4604de4ae8a21.image,subType=1,url=https://gchat.qpic.cn/gchatpic_new/2412211399/665647033-2503340898-591EDBAE7C1BE7A533F4604DE4AE8A21/0?term=2&amp;is_origin=0]
[CQ:reply,id=1322249641]得看女生是什么样的
在南方的时候基本见不到女朋友比男朋友高的
你明年就没有了
谨言慎行[CQ:face,id=178][CQ:face,id=178][CQ:face,id=178]
西交群名场面（）
阁下又该如何应对
问问群佬互联网+是干什么的[CQ:face,id=111]怎么组队，要干什么，好拿奖嘛
时间紧
可以不参加夏令营吗
长得帅真的不如嘴巴会说
图书馆冷气是定时开放吗
真下头啊
不然就是个辅修证
主打一个为爱发电[CQ:face,id=277]
[CQ:image,file=61ac15312e69ad6442ae29b6663dda92.image,subType=1,url=https://gchat.qpic.cn/gchatpic_new/2302233695/665647033-2176670502-61AC15312E69AD6442AE29B6663DDA92/0?term=2&amp;is_origin=0]
[CQ:reply,id=1489845997]SB??，我要是管理就禁你言了
电信：我谢谢你们
鼠鼠我呀要转专业嘞
[CQ:image,file=b19c92935c0139ede0fa337b21194d57.image,subType=1,url=https://gchat.qpic.cn/gchatpic_new/178019836/665647033-2786701218-B19C92935C0139EDE0FA337B21194D57/0?term=2&amp;is_origin=0]
考前速成
[CQ:face,id=277]
还是有训练啊
崔国繁学长
要经过琢磨
蹲一个姜秉权的联系方式[CQ:face,id=341]有点事情想问问
[CQ:reply,id=1037941907]在哪打
[CQ:reply,id=1037941907]就是你射在厕所门上的吧
[CQ:face,id=267]
久坐别的不知道
变大变小真的奇妙[CQ:face,id=277]
甚至有作业题原题
大物你做考题做到的还不如作业题多
请问有辅修的文件吗
[CQ:face,id=178]
考试高分不难
tql
群友有大物17年之后的期末题吗
加油
学不了一点化学[CQ:face,id=300]
自动化感觉不行啊
今年不是考核吗
在大工电院保研率不高。
就是比谁更卷
[CQ:reply,id=63489335]转电计吧，去年化工转了10个好像就两个还有希望保研[CQ:face,id=277]
你们有人进了吗，他好像晒非科班
分流之后前两名就可以，再搞点科研
目前化工拍排十几名
90多在那儿保不了
保研应该会轻松点。
吧
想升学去电智，去电计的话只能保本校
没，其他人更摆，还是学一[CQ:face,id=264]
[CQ:face,id=277]
大一不想去工训[CQ:face,id=173]
看情况吧[CQ:face,id=179]
不至于
好像最多半年？
[CQ:image,file=9f46bdc21484a839d528e54a737d8873.image,subType=1,url=https://gchat.qpic.cn/gchatpic_new/80000000/665647033-2493378310-9F46BDC21484A839D528E54A737D8873/0?term=2&amp;is_origin=0]
[CQ:reply,id=-1778497829]不一定可以
小学期没课太无聊了
[CQ:face,id=342][CQ:face,id=342][CQ:face,id=342]
[CQ:reply,id=889963771][CQ:at,qq=2282641490] 结
[CQ:image,file=067b8ae6002c7179c0115d55b4d26e54.image,subType=7,url=https://gchat.qpic.cn/gchatpic_new/2269261604/665647033-3186193328-067B8AE6002C7179C0115D55B4D26E54/0?term=2&amp;is_origin=0]
[CQ:face,id=344][CQ:face,id=344]
一般不是周五有吗
这么说还真是个坑
有偿求形势与政策实践队伍
同求 20 楼上优先
好的呢
[CQ:reply,id=-792030679][CQ:at,qq=2578125359] [CQ:at,qq=2578125359] 逆大天
群友都装双非，只有鼠鼠真双非
呆不了一点
[CQ:reply,id=-698303775][CQ:at,qq=390104198] [CQ:at,qq=390104198] 门都关了，不让进
所以还要去吗
我就是小班的，孬的一批
那东西把你们当小白鼠
只是小班单独上课
你们名额怎么分的
这啥情况
转专业不换吧
我听另一个学长说不用[CQ:face,id=344]
不能
专业分流不换
虽然说挂一门科不影响保研，但是影响保外[CQ:face,id=263]
跑步几秒钟排队两小时是吧
[CQ:reply,id=1077040584]谢谢
[CQ:face,id=344][CQ:face,id=344]
[CQ:image,file=f6cf7d6ea253c29b520a2bedb5e14439.image,subType=7,url=https://gchat.qpic.cn/gchatpic_new/80000000/665647033-3146639500-F6CF7D6EA253C29B520A2BEDB5E14439/0?term=2&amp;is_origin=0]
我12：40来的
热死
这学年总的及格了就得了呗
[CQ:reply,id=-1078682732][CQ:face,id=277]
测不了一点
不要紧的，你可以给别人代排
理论上可以
也是考试吗
[CQ:image,file=7028c9ca4ad968eacf90a2e9dd5dc12a.image,subType=1,url=https://gchat.qpic.cn/gchatpic_new/591837778/2630953299-2397247474-7028C9CA4AD968EACF90A2E9DD5DC12A/0?term=2&amp;is_origin=0]
400米的人
[CQ:face,id=187]
测完没成绩
有空调啊
46面
不是说学校有要求吗，教室得有一定的人数
为啥呀
都大三了，不会小学期还签到吧
主要是太热了
小学期蚊子吃人吗
看到小学期课表排了周一到周五的所有下午[CQ:face,id=267]
软测是做个web项目就行
没啥用
[CQ:image,file=e9ad731ede9762698d424bd278a63c52.image,subType=1,url=https://gchat.qpic.cn/gchatpic_new/1390735111/2630953299-2501336802-E9AD731EDE9762698D424BD278A63C52/0?term=2&amp;is_origin=0]
小学期可能没事还有考试
https://github.com/NAOSI-DLUT/DLUT_SE_Courses
这会引体立定跳还能测么
管理快来
卧槽
阶段就是让没及格的有个及格的机会吧
我是有上学期的
国奖应该要求更严格
反正我们期末考过了总分就过了，躺了[CQ:face,id=229]
我超 慈善大使
所以应该几点去
再别来了
出暑假社会实践躺平床位，啥也不用干，安安心心开摆，快快乐乐结项。
弯不可以嘛[CQ:face,id=107]
[CQ:reply,id=-440396641][CQ:at,qq=1416690753] 结
[CQ:reply,id=1593400568][CQ:at,qq=2269261604] 挤一挤，给我腾个地儿
午睡了家人们
也有工作的
嗯
[CQ:reply,id=-385088807][CQ:at,qq=2427692983] [CQ:at,qq=2427692983] 不是
去年线上的时候清北啥的都跟你抢
科大怎么可能找不到工作。。
之前答辩有点水[CQ:face,id=342][CQ:face,id=342]
二辩吧
真别来了，答辩已经挂了，别的学院处处为学生想，我们真的是三不管
有些导师  一样的
下午能测50吗
先研＞科学岛
xdu还去科学岛？
生医?
大部分人选了嵌入式，毕业不一定干这行
[CQ:reply,id=-861594741]就算有，估计也不会给
好像是我记得
那就不知道了，我大三
这么热的天这么早去排
“王源演唱会穿过的婚纱”
[CQ:reply,id=-1138206935][CQ:at,qq=2412211399] [CQ:at,qq=2412211399] 好家伙
好想吃苦瓜啊
[CQ:image,file=70692629e8fcf4324695759fad70bac2.image,subType=1,url=https://gchat.qpic.cn/gchatpic_new/1425316878/665647033-2368289802-70692629E8FCF4324695759FAD70BAC2/0?term=2&amp;is_origin=0]
[CQ:image,file=023dd59e4a3df4fb5fbce555ccc7b735.image,subType=1,url=https://gchat.qpic.cn/gchatpic_new/80000000/665647033-2730832928-023DD59E4A3DF4FB5FBCE555CCC7B735/0?term=2&amp;is_origin=0]
回家平地多舒服
吃饭去了 还得实验呢
让老师给个面子
[CQ:image,file=4dedd4d651a3ead6938b27b1a579ddd1.image,subType=7,url=https://gchat.qpic.cn/gchatpic_new/80000000/665647033-2863825256-4DEDD4D651A3EAD6938B27B1A579DDD1/0?term=2&amp;is_origin=0]
[CQ:face,id=176][CQ:face,id=176]
只能重修
啊啊啊，如果正考记错时间没去怎么办
八级大狂风
食堂一楼这逼雪糕是一点也不照顾穷逼
是
反正都没考到[CQ:face,id=344]对我来说没用
我是20多天前去测的
可以
[CQ:image,file=a47dcd4dd9e00b56f5e1d205480e4e7d.image,subType=1,url=https://gchat.qpic.cn/gchatpic_new/2803023802/665647033-3181950334-A47DCD4DD9E00B56F5E1D205480E4E7D/0?term=2&amp;is_origin=0]
ustb>ustc
是吧
群里面志愿者是这样说的
啊啊？可以吧
科大是不是在本部那种学院
是
speexx考完就能下课嘛
[CQ:image,file=beca2e7a1a561953f8e895ba01ddae21.image,subType=0,url=https://gchat.qpic.cn/gchatpic_new/2442620881/572430452-2530352340-BECA2E7A1A561953F8E895BA01DDAE21/0?term=2&amp;is_origin=0]
[CQ:reply,id=-1344411546][CQ:at,qq=2442620881] [CQ:at,qq=2442620881]密码是啥
官网已经开了
收软国往年C++期末题
上学期测了这学期可以不测吗
不用带
确实模拟面试
招的也多
[CQ:reply,id=-2115420553]卧槽，皱皮
[CQ:reply,id=-1114386450][CQ:at,qq=765393697] [CQ:at,qq=765393697] 听说不高
速速回来被我歧视
人民群众认可的文化才算是文化
群里几十个985，几百个211
琳琳
[CQ:reply,id=287736034][CQ:at,qq=927738956] [CQ:at,qq=927738956] 电科好像就不在
[CQ:image,file=d5c93776dce3f404a1a90d73a39e4ce2.image,subType=1,url=https://gchat.qpic.cn/gchatpic_new/80000000/665647033-2454586660-D5C93776DCE3F404A1A90D73A39E4CE2/0?term=2&amp;is_origin=0]
我忘了哪个学院了
[CQ:image,file=694e2301f95b169922b14b0a6a1c5d63.image,subType=0,url=https://gchat.qpic.cn/gchatpic_new/80000000/665647033-2766798536-694E2301F95B169922B14B0A6A1C5D63/0?term=2&amp;is_origin=0]
不要慌
要高考了好紧张
收数据库系统概念（薄的
不知道啊
妈妈生的[CQ:face,id=29]
[CQ:image,file=1875f4e736140186385375152c11861c.image,subType=0,url=https://gchat.qpic.cn/gchatpic_new/80000000/665647033-2622749434-1875F4E736140186385375152C11861C/0?term=2&amp;is_origin=0]
收社会主义发展史资料
早知道伤心总是难免的～
[CQ:reply,id=86028649][CQ:at,qq=1429941740] [CQ:at,qq=1429941740] 对
thanks
[CQ:face,id=343,type=sticker]
什么学校
I am lonely lonely lonely
[CQ:reply,id=-1148728725]这不是夜店吗
下午一堆人挤教室里热的要死
[CQ:face,id=317][CQ:face,id=317]
有想勤工俭学的同学联系我 不用出校 0/天   一做   不结（名额无限，我会跑路）
我记得这个比亚迪
约的今天下午的体测现在可以去吗[CQ:face,id=344]
收到啦谢谢[CQ:face,id=63]
大三小学期考不考试啊
高中晚上一般十一点多就睡了
但是我高中也没有午休的习惯
选早八中午补个觉下午也就没了
[CQ:image,file=406b14bf61a0e330db45b4f8495ebe2f.image,subType=0,url=https://gchat.qpic.cn/gchatpic_new/824371054/572430452-2154927374-406B14BF61A0E330DB45B4F8495EBE2F/0?term=2&amp;is_origin=0]
好的谢谢
?
我要是被困在半路，第二天我就上门取你小命?
好像有诶，不过去年的事不大记得了
我抄，neu✌️
[CQ:reply,id=1035161735]小学期选不用考试
[CQ:image,file=31e1cbd262fe443508e7ab5fd15134bc.image,subType=1,url=https://gchat.qpic.cn/gchatpic_new/2135856113/4147692443-2601945538-31E1CBD262FE443508E7AB5FD15134BC/0?term=2&amp;is_origin=0]
转盘
[CQ:reply,id=862509237]不是
肯定来得及
轻轨
[CQ:at,qq=2422706517] 进群就别想走了哦
[CQ:reply,id=-538893609][CQ:at,qq=2135856113] 那你就和这个去万方一对一比对查重
除非有人跟你做过一模一样的啊
就不需要查了？
他给你通过了吗
扯淡呢
第二次4.5
都是自己个查重[CQ:face,id=178]
我怀疑你老师在筐你
不然改啥啊
关键没抄
你的论文被别人抄了
5块钱求信息楼研究生帮忙打印一张纸
细锁
6
万方不准
老师不想给你发
总之就是换说法呗
[CQ:reply,id=-551099713][CQ:at,qq=2135856113] 使用无敌的ai
我只能说，知网杂鱼杂鱼～
我抄，neu✌️
可以
我抄，neu✌️
你最好不是在开玩笑?
我抄，neu✌️
大创一般什么时候开始准备合适
[CQ:reply,id=-1395775711]所以最后谁吵赢了
[CQ:reply,id=-177546609]为啥啊?️
不然发配金州
内涵谁呢
沁园
软国✌是你们软件的能碰瓷的？
这多累啊
???
kisskiss
[CQ:reply,id=-2029728561][CQ:face,id=344]
自我以上人人平等，自我以下阶级分明
建议你们修炼下内心，对别人的看法别那么敏感
没怕死
是这样的
不想活啦
就是不想看父母脸色了
[CQ:reply,id=960375861]智齿
怎么说呢
长相什么的最好不要乱指指点点
[CQ:face,id=232]不想活了
你有一米六没
前面人多的时候旁边就有个人说你这个身高什么都看不到吧
我就一米五
[CQ:reply,id=-1610897430]标准
[CQ:image,file=b8925ad636bfd431d75191a590a72195.image,subType=1,url=https://gchat.qpic.cn/gchatpic_new/2788869118/665647033-2178479276-B8925AD636BFD431D75191A590A72195/0?term=2&amp;is_origin=0]
有啥可哭的……
[CQ:reply,id=-1355898998][CQ:at,qq=2684774530] [CQ:at,qq=2684774530] 不主动打电话他们不愿意 觉得“你有钱了就对家里不管不问了” 主动打电话他们还爱搭不理
真假
不喜欢该怎么说
[CQ:image,file=799da3226d419b1bd4e586cef3a3f83d.image,subType=7,url=https://gchat.qpic.cn/gchatpic_new/3246504466/781724571-2428904016-799DA3226D419B1BD4E586CEF3A3F83D/0?term=2&amp;is_origin=0]
马铃薯细说[CQ:face,id=277]
[CQ:face,id=182]不知道呢
我要润了[CQ:face,id=182]
?
[CQ:reply,id=-1864219153][CQ:at,qq=2684774530] [CQ:at,qq=2684774530] 我悟了母单20年
她比我矮很多
感谢，我是想问问难度大不大[CQ:face,id=317]
[CQ:image,file=f6d6c7a91111813d13a5859f5a479539.image,subType=1,url=https://gchat.qpic.cn/gchatpic_new/1034456463/665647033-3159135924-F6D6C7A91111813D13A5859F5A479539/0?term=2&amp;is_origin=0]
唔大创是不是强制报互联网+
什么公众号！
[CQ:face,id=338,type=sticker]
[CQ:face,id=294]
是怎么收服务费的
不是舰艇学院的学生带我们军训嘛
[CQ:image,file=ea2d613d7c924108f0b39e5e773b1ab9.image,subType=1,url=https://gchat.qpic.cn/gchatpic_new/1214217158/2630953299-3128481716-EA2D613D7C924108F0B39E5E773B1AB9/0?term=2&amp;is_origin=0]
但我看老师也挺厉害的
[CQ:reply,id=1658613698][CQ:at,qq=2269261604] [CQ:at,qq=2269261604] 扎个辫子直接女装
能吃吗
钱多捏
阿这
都大学了
毕业照要拍好看些
去了
我借你一小块
难受着呢
呃
科大允许你报了吗[CQ:face,id=277]
p我想学生化环材
收插排
[CQ:reply,id=-1984960519][CQ:at,qq=744380395] [CQ:at,qq=744380395] 我比较社恐，不太方便认识
哈哈哈哈哈哈哈哈哈哈哈哈哈哈啃食
宿舍吗
老虎斌斌班c++平均分60.2分
笑死
[CQ:face,id=36]啥也不懂，有没有什么量化的解释
[CQ:reply,id=2032872][CQ:at,qq=2788869118] [CQ:at,qq=2788869118] 配电室
老师发的题和书上的内容多看看
c++怎么速成啊xdm[CQ:face,id=5]
嘉年华有啥好玩的
按现在这个选的人数-100意愿值你也能选上
嘶
[CQ:reply,id=934491984][CQ:at,qq=108763362] [CQ:at,qq=108763362] 你点一下你的志愿状态试一下
能甩干
[CQ:image,file=dbb6dfc625c5672418b5d385f7028b11.image,subType=0,url=https://gchat.qpic.cn/gchatpic_new/2069058750/1129396771-2368142224-DBB6DFC625C5672418B5D385F7028B11/0?term=2&amp;is_origin=0]
那填哪个比较好呀
六级和雅思都有填哪个啊
[CQ:image,file=02ae607729cbe293cc105a505091468b.image,subType=0,url=https://gchat.qpic.cn/gchatpic_new/736314362/1129396771-2653209774-02AE607729CBE293CC105A505091468B/0?term=2&amp;is_origin=1]
[CQ:reply,id=-2112009955][CQ:at,qq=927738956] [CQ:at,qq=927738956] 我们也是
[CQ:reply,id=1657315331][CQ:at,qq=927738956] [CQ:at,qq=927738956] 我们只有七八个比赛加分
不然校赛都过不了
这个也没考
[CQ:reply,id=-733483365][CQ:at,qq=2667509169] [CQ:at,qq=2667509169] 如果有论文还有专利好像可以试试
然后那个包扎伤员
那个徒步走
我忘了
[CQ:reply,id=1043844732][CQ:at,qq=1051820662] 结
那场大雨毁了我的军训梦
沉淀
军训的教官是哪里的
要交大作业[CQ:face,id=277]
学车千万别去安顺
这个表有两个表单[CQ:face,id=264]
看sheet2
不累[CQ:face,id=178]
取消筛选[CQ:face,id=264]
我又发了一遍
那个我感觉和yankong一样
https://mysupervisor.org/
好事不出门，坏事传千里[CQ:face,id=344][CQ:face,id=344][CQ:face,id=344][CQ:face,id=344]
群主直接被ban了 笑死
nku 还要做任务
毕竟两千人大群
同问
真这个啊
给个网址
[CQ:image,file=6c61221b893404e8113814bbe434b6fa.image,subType=1,url=https://gchat.qpic.cn/gchatpic_new/2119884385/572430452-2871527886-6C61221B893404E8113814BBE434B6FA/0?term=2&amp;is_origin=0]
还有抢学生女朋友的
不要指望java课能学到啥
西索
啊？
细说
喊老师捞一下?
有没有经管的同学[CQ:face,id=263]
[CQ:reply,id=348086240][CQ:at,qq=276207336] [CQ:at,qq=276207336] 请问当时选的是哪个老师呀
我还想保存来着
电气不属于电类吗
[CQ:image,file=1a6b9cdfa5d9be4b5b07c271b887b743.image,subType=1,url=https://gchat.qpic.cn/gchatpic_new/2788869118/665647033-2477189176-1A6B9CDFA5D9BE4B5B07C271B887B743/0?term=2&amp;is_origin=0]
[CQ:image,file=56fee8bbde10909719c1871e3d99fd8f.image,subType=1,url=https://gchat.qpic.cn/gchatpic_new/2788869118/665647033-2502360566-56FEE8BBDE10909719C1871E3D99FD8F/0?term=2&amp;is_origin=0]
我是傻逼二次元
[CQ:image,file=0fe72b3ae620456164303ce8725b2964.image,subType=1,url=https://gchat.qpic.cn/gchatpic_new/2803023802/665647033-2983888150-0FE72B3AE620456164303CE8725B2964/0?term=2&amp;is_origin=0]
大专变985[CQ:face,id=178]
。
[CQ:reply,id=1389270986]这很明显是爱情来了
反正我被冻毁了
[CQ:reply,id=-1775853850][CQ:at,qq=1066305935] [CQ:at,qq=1066305935] 实名硬冲最抽象了
[CQ:face,id=325][CQ:face,id=325][CQ:face,id=325][CQ:face,id=325][CQ:face,id=325]
四号啥日子
[CQ:reply,id=1735749396][CQ:at,qq=1007117412] 往年
会问你小组成员工作量
[CQ:reply,id=-2001218669]用电脑登录就能禁言30天
请问大二小学期python和JAVA哪个给分高一点
6的
[CQ:image,file=3a3b730cffb9010c75612ffc700d1973.image,subType=1,url=https://gchat.qpic.cn/gchatpic_new/80000000/781724571-3030778002-3A3B730CFFB9010C75612FFC700D1973/0?term=2&amp;is_origin=0]
自己憋不住了自己解决
室友帮忙不行吗
还能变身，跟左慈似的
不靠谱
行了行了，老孙说两句啊，都别发了，如果你实在忍不住发，就发私发我，我来遭这个罪
笑死了
有推荐吗
主要最开始就用qq浏览器
[CQ:reply,id=-1075437477][CQ:at,qq=927738956] [CQ:at,qq=927738956] 选调去哪呀
[CQ:reply,id=-969238273][CQ:at,qq=927738956] [CQ:at,qq=927738956] 哈哈
确实，咱们群人太多
确实
中国平均首次行为年龄：15.9岁
好像还真装空调
[CQ:reply,id=932106528]哪7栋啊
[CQ:image,file=4dfc3a9797a2f3bb2495fdf13dd9d9e3.image,subType=0,url=https://gchat.qpic.cn/gchatpic_new/80000000/781724571-2933382942-4DFC3A9797A2F3BB2495FDF13DD9D9E3/0?term=2&amp;is_origin=0]
给你们看个劲爆的
[CQ:image,file=f6b72e67bb288c351e5a1901f2eda44a.image,subType=1,url=https://gchat.qpic.cn/gchatpic_new/80000000/781724571-2687704048-F6B72E67BB288C351E5A1901F2EDA44A/0?term=2&amp;is_origin=0]
你怎么做的这么快找到的
哥们你黑客啊
想问软国大三小学期选课是怎么搞啊
难绷
笑死了
就这啊
牛逼
很好
出事的概率为淋，放心去吧
怕别去
才6个
想看的举手
没有
amd没cuda[CQ:face,id=317]
哥我求你最后一遍
我把其他群免打扰了
看
[CQ:image,file=94bc55f6c4470cb5c3d59fba31dd042a.image,subType=1,url=https://gchat.qpic.cn/gchatpic_new/1647085598/781724571-3010397216-94BC55F6C4470CB5C3D59FBA31DD042A/0?term=2&amp;is_origin=0]
收藏了已经
[CQ:reply,id=-2081736249][CQ:at,qq=534139438] [CQ:at,qq=534139438] ？！
没看到
[CQ:image,file=ffb83c69af3520c1b3c9cc6c898f9850.image,subType=0,url=https://gchat.qpic.cn/gchatpic_new/80000000/781724571-2166172224-FFB83C69AF3520C1B3C9CC6C898F9850/0?term=2&amp;is_origin=0]
电院截至目前不看
哎呀，都不稀看
共产主义，有女共享嘛
听着像钓鱼
1.人很好看 2.裸
这叫惊鸿一瞥
[CQ:face,id=129][CQ:face,id=129]
☝
满五个禁
你小子
不发我红温了
[CQ:image,file=7be43e258c5faf357b4283dbcf9c5ef2.image,subType=7,url=https://gchat.qpic.cn/gchatpic_new/1034456463/665647033-3078664824-7BE43E258C5FAF357B4283DBCF9C5EF2/0?term=2&amp;is_origin=0]
这学期有慕课吗
我错过了甚么
[CQ:reply,id=-449903062]因为有人没学
请问无机实验考试会考些什么东西呀
那个教材是西交出的
区别不大
想保研的话数计还要多修数应的专业课
[CQ:image,file=a815290967fed57e2183defbf220c9b4.image,subType=1,url=https://gchat.qpic.cn/gchatpic_new/3313117334/572430452-2777760214-A815290967FED57E2183DEFBF220C9B4/0?term=2&amp;is_origin=0]
既然专硕好申请点，学硕和专硕学的还差不太多，咋不申请专硕捏
下午一点半到四点半
不过我没经济的，我只有计算机的
阔以
社会学有考试吗[CQ:face,id=277]
没人工费
有快感
不过比较贵
所以女生皮燕子有快感吗，有没有懂哥
在学习通里的最后一篇章节就是
[CQ:reply,id=-834301876]？
怕疼喵
太狠了
报了双学位不去上课
确实，p是啥意思
我从来没试过
我也是
你给你女朋友口
我觉得很恶
这不是开玩笑吗？
那你室友坐你身上呢
？
不能接受好兄弟抱我
白洁最近的升迁并不理想
为啥啊
我make love的时候，还挺就久的
你就完事了
不是哥们儿？
跑跑步
坏了，我到现在不知道你们说的是啥
那时候对灵狐者裙子底下特别好奇
启蒙还得是百度贴吧
我至今忘不了那天的震撼
经济学原理咋都一千一人选了
人妖更接受不了
顶不住，恶心
纯爷们接受不了
？
[CQ:face,id=13]
你是包皮过长吗，去做个包皮？
保修不保这个的吗
qhd165售后得两千块吧[CQ:face,id=185]
我也一天两次
我越导越想要
匿名群，分享你刚编的故事
态嗅辣
我真顶不住
不是
时时刻刻想要
[CQ:face,id=182][CQ:face,id=182][CQ:face,id=182][CQ:face,id=182]
注意肾体
让我们凑一对吧
我同学自从做完之后
speexx好像是只有大一的时候有
[CQ:image,file=a3d4c1b35996f8516c0fd4ebf8d25d7c.image,subType=0,url=https://gchat.qpic.cn/gchatpic_new/3104132256/2630953299-2532641880-A3D4C1B35996F8516C0FD4EBF8D25D7C/0?term=2&amp;is_origin=0]
我在网上想和哪个妹子聊就和哪个妹子聊
说不上快乐
我们去年是30
[CQ:reply,id=2085141380]6
然后和女同学试过
6年纪又有了
我看片
[CQ:reply,id=35553044]这种应该类比的是
感觉像看我小侄子说上清华还是上北大
别讲了哥，我呼吸都是一抽一抽的了
谁言人族无大帝
就像他的父辈一样，传承下去这贫穷的痛苦[CQ:face,id=344]
我上学期间没学坏纯纯的自制力强
[CQ:reply,id=251887582]好奇你爸干不干你
5r
[CQ:image,file=888b0aa7b8b5124c85e41ff8af642960.image,subType=7,url=https://gchat.qpic.cn/gchatpic_new/2465770197/4147692443-2256175150-888B0AA7B8B5124C85E41FF8AF642960/0?term=2&amp;is_origin=0]
听别人说是30％
[CQ:reply,id=-1013579494]阿哲
捞我捞我
啧
佬说得对
我赶紧润
我也尽量让他出去
哈哈哈
生俩晚上不得吵死
不知道是河蟹还是大闸蟹
看公告
笑了都是为了脸面
说是能捞
不知道硕士能不能捞
我想去集院
后代就能少点竞争
A+[CQ:face,id=79]?
你指的是华东还是华中还是华南
speexx大一等级多少算满分啊
华师电信比厦大好吗
好的好的，感谢
考研还排名靠后，就怕遇到水平不行又push还要抢一作的
但是打算继续混学术圈
还有一天？
只能怀才不遇了
c语言跟c++考得内容相似吗
确实是这样的
你自己看啊
我可以加价[CQ:face,id=277]
老一点的老师
我反正嗯混三年 有人收留我就行
最重要的就是人品好不好
都是自学
疫情就开始扩的
组里不方便打游戏
[CQ:face,id=264][CQ:face,id=2]
也拿不到导师的人脉
还能实习两年
十元求观后感
被刷了
纠结
浙大信电直博是强还是弱
[CQ:face,id=343][CQ:face,id=343][CQ:face,id=343]
也可能直接不签到
直接润了
。。。。。。
[CQ:at,qq=1786263950] 佳名你身边谁考本校啊？能不能来个姓氏首字母，我推测一下
软院报录比也不低了[CQ:face,id=344]
首先要有展示自己的机会。学校辣鸡人家都不来
是不了一点
8470 9126
那也是
没考虑过
山神跟我想法一样
我主要是想平移一下
不想去
点击就入营
[CQ:image,file=168b5fd0a3f922152bdf362187ab7ac3.image,subType=1,url=https://gchat.qpic.cn/gchatpic_new/1203448768/665647033-2759045662-168B5FD0A3F922152BDF362187AB7AC3/0?term=2&amp;is_origin=0]
sci毕业
为啥不来一起考华师
身边确实一堆本校的
复试压力也许小点
不可能的
反正我是懒得待了
[CQ:image,file=47eee33610dbfc66fcfa8d93e8efef59.image,subType=0,url=https://gchat.qpic.cn/gchatpic_new/2330610179/665647033-3112774364-47EEE33610DBFC66FCFA8D93E8EFEF59/0?term=2&amp;is_origin=1]
把科软分数线卷到400
焊了一条歪歪扭扭的斜线
硕士毕业就业
授课什么水平大家都清楚
舍友结了嘛
我当时还报了ecnu软院
能不能好点啊？
开发区还有打印店吗
感觉没必要读
[CQ:image,file=399a2ac4d8f17fb2110b32e4a5189b08.image,subType=0,url=https://gchat.qpic.cn/gchatpic_new/707765315/2630953299-2187556096-399A2AC4D8F17FB2110B32E4A5189B08/0?term=2&amp;is_origin=1]
肯定新加坡好一点
硕士进不了高校
而且进企业的话也没那么严格
南大多吊啊
[CQ:face,id=277]
回国真不行
南大研究生和新国立研究生你看看哪个好就业吧
怎么评的
南大含金量高
xjtu不是要来沈阳宣讲吗
speexx期末能操作？
急，怎么选兄弟们
周敬尧是吧
这大黑楼附近怎么也没车
这是大智慧[CQ:face,id=76]
nova8七百出
我能拿20w就心满意足了
是
这种估计是天才少年那水平
我还认识一个18的
那真的蛮惨的
狠狠羡慕
因为上学期测了
体测中心和50米都不能补测吗
30不好说
一堆人留到最后一天
盘锦校区机房里的题库和主校区一样吗
是的
可以
只能大三测
50米好像只能周三
放弃保研名额去的
我去美团的同学转正以后有21k
一般的厂不难找
[CQ:face,id=277]
[CQ:at,qq=2634558875] 
过几年中小互联网企业还有机会发展吗
大物实验
群里没几个大四的
没毕业证
为什么这学期成绩我都看不了了
只会八嘎牙路
但小学期前就要申请了
更新一下 出这些
[CQ:image,file=a2d2c72dff48bfe041d06e6149734cdf.image,subType=0,url=https://gchat.qpic.cn/gchatpic_new/1154492446/1129396771-2890847012-A2D2C72DFF48BFE041D06E6149734CDF/0?term=2&amp;is_origin=0]
一般转专业是什么时候开始
石楠花茶
请问怎么有家教需求怎么联系家教中心 是有平台吗
懂了，下次如果想女装，不如买童装
感觉可以问问日语老师2
[CQ:image,file=ef4cd3d8480ebcdbbb5050c90b32d36e.image,subType=0,url=https://gchat.qpic.cn/gchatpic_new/2634558875/2630953299-2936489066-EF4CD3D8480EBCDBBB5050C90B32D36E/0?term=2&amp;is_origin=1]
我感觉考建国以来比较多
我字写的太丑了
[CQ:reply,id=1844134430][CQ:at,qq=927738956] [CQ:at,qq=927738956] 让你洗衣做饭带孩子
[CQ:reply,id=633802944][CQ:at,qq=3230877356] [CQ:at,qq=3230877356] 打印吧？
b站有个叫果果队长的就是黄黑皮，穿的也超好看的
小麦色多健康啊
我们本来就是黄皮肤
它为什么全是日语，一点教程都没有[CQ:face,id=344]
我想通了
你能比黑人还黑吗
嗯
我导估计也说不上话[CQ:face,id=344]
我联系的华科老师要么说没名额了
啥意思
确实，因为oq了[CQ:face,id=277]
你选了经管也不能让你上吧[CQ:face,id=277]
期末不重要，反正这点课已经不影响绩点跑
[CQ:face,id=344][CQ:face,id=344]鼠鼠我主要等着暑假的预推免
[CQ:reply,id=-749570548][CQ:at,qq=3200463947] [CQ:at,qq=3200463947] 可以吧
确实
冲突的我也报了
就没必要
还有必要报名吗
管理人都不在
可还是听见了你说不可能
光电器件，光纤
确实
还得是联系老师
[CQ:reply,id=972512193][CQ:at,qq=2596630683] 电信院
你?电信还是挺好去华武的吧
刚给了100个意愿值希望能保佑我一下
游乐园好玩吗
随缘随心先追求一时的快乐[CQ:face,id=317]
[CQ:face,id=344][CQ:face,id=344]
[CQ:face,id=318][CQ:face,id=318]
以往外校只招直博
[CQ:reply,id=991166755][CQ:at,qq=2503298807] [CQ:at,qq=2503298807] 太迷了
单独咩？
就算有时候会有一种自己是不是开始喜欢对方的错觉[CQ:face,id=342]
人机所的bar也很迷
我感觉我是没办法和朋友突然转变成恋人
最后去了西交[CQ:face,id=300]
[CQ:image,file=aadb9ffb354ae2410999dd2e48509570.image,subType=1,url=https://gchat.qpic.cn/gchatpic_new/2443475778/572430452-2934217948-AADB9FFB354AE2410999DD2E48509570/0?term=2&amp;is_origin=0]
?
学硕留给本校
那你们当初和平分手？
线下见面打个招呼
我们一直联系着的
群友们怎么说？
uestc才一个啊
不知道今年加不加ChatGPT的内容
有成就感
[CQ:image,file=b8925ad636bfd431d75191a590a72195.image,subType=1,url=https://gchat.qpic.cn/gchatpic_new/2788869118/665647033-2291208584-B8925AD636BFD431D75191A590A72195/0?term=2&amp;is_origin=0]
当黄毛吧
劝不了  没恋爱过
我现在还在想怎么样向外校老师套磁呢
你还能去外校
至少大家是自由的
坏了这下子我是微生物了
USTC
[CQ:reply,id=-465434505]大四
要不一起疯狂之后再死吧
比赛项目里队员不积极怎么办
15r找个同学帮忙从宿舍拿东西到旋转门
北化也一般啊，为啥我前5%也没入空天院啊[CQ:face,id=5]
北交肯定oq了?
15r找同学从宿舍拿个东西到生活区门口 急
你问问你前几届学长学姐干了啥
100求代跑腿送东西送到大连医科大学第一附属医院金普院区
什么原因？
唉
要么试试摆烂
你大几了呀
推荐用摆烂的心理面对世界
别的方面至少还说得过去，不上不下
出软件22年数据库，操作系统期末真题
[CQ:image,file=9e8fad50ccc21d5a7a069b0aafb5c0ea.image,subType=0,url=https://gchat.qpic.cn/gchatpic_new/2410998890/4147692443-2710226822-9E8FAD50CCC21D5A7A069B0AAFB5C0EA/0?term=2&amp;is_origin=0]
得汉语英语结合看
非数还行，数出问题了
在北上租房多少有点难顶
往年经验吧
被杀是吧
[CQ:reply,id=-1279700292][CQ:at,qq=2856538959] [CQ:at,qq=2856538959] 你为什么不战而降？?
主校区没算
所以其实是4个进了决赛，4/900的比例还是挺大的
国外大学毕业
没六级现在都不能工作
[CQ:image,file=bde6f44b808f9443d5f802e5e9b41f02.image,subType=1,url=https://gchat.qpic.cn/gchatpic_new/2412211399/665647033-2995057472-BDE6F44B808F9443D5F802E5E9B41F02/0?term=2&amp;is_origin=0]
好的谢谢?
[CQ:reply,id=462155879][CQ:at,qq=1291419457] [CQ:at,qq=1291419457] 差不多这样
怎能 还突然有这个
好好好
华科的机械和ai就贴的很近（听说的）
白交30块钱
密码在哪啊
春令营前一阵就截止了
没书读了
那有啥理由要我[CQ:face,id=344]
没书读了
[CQ:image,file=8b5d15ff6c9512efa17d53a5d13b8683.image,subType=1,url=https://gchat.qpic.cn/gchatpic_new/2532503504/572430452-2495094618-8B5D15FF6C9512EFA17D53A5D13B8683/0?term=2&amp;is_origin=0]
空天一年收七八批
求社会主义发展史复习资料
没进群
好像是只发入营不发好人卡
不要考虑恩比德这个不存在的人
呃呃点错了
如果阿德巴约除去
[CQ:reply,id=1365705215][CQ:at,qq=1587313370] 结
志愿能不能替做啊
[CQ:face,id=107]没收到就是没入吗，那鼠鼠就放弃幻想了
永久失去呼吸权
热火可不是76人
只能说绿军今年伪强队了
布朗这场纯战犯
今年没开么？
馆里没办法
收离散往年考试题（有去年前年的优先）
空天院是啥
今天是马丁的早晨
绿军要完了
那你们实习都咋整的啊，线下了，这没法翘啊
[CQ:reply,id=-716969286]退课再选
大连号手机卡免费改成月租19元
包含(30G全国流量+30G视频专属流量+30g本地流量+200g校园流量)
(200分钟国内通话+3000分钟校园卷语音+赠送3个亲情号互打免费不限时)
推荐返红包?
收双语离散上期末题[CQ:face,id=297][CQ:face,id=297]
[CQ:reply,id=59977484][CQ:at,qq=1445548086] [CQ:at,qq=1445548086] 自动化
寄！
现在春令营还是信息
[CQ:image,file=ebf9ffeed94e8cbc66a7fa4d41c3231a.image,subType=0,url=https://gchat.qpic.cn/gchatpic_new/1445548086/572430452-2774849130-EBF9FFEED94E8CBC66A7FA4D41C3231A/0?term=2&amp;is_origin=0]
目标检测
难蚌，弄那么多干啥[CQ:face,id=264]
[CQ:reply,id=-69195902]运气好1就行
有工图c考试题型吗
龙王要产业化升级啊
[CQ:image,file=75990ca9a3853bd3532e44b689d24675.image,subType=1,url=https://gchat.qpic.cn/gchatpic_new/1770613117/572430452-2581449366-75990CA9A3853BD3532E44B689D24675/0?term=2&amp;is_origin=0]
学校现在的宣传是增量搬过去
酒吧舞✌?
你们实验班不限制保内么？
我49.2%
6
[CQ:face,id=264]
圆通
收大英四欧洲历史与政治期末题
程明松老师给分高吗？
A301
收拯救者包装盒
请问今天有孙伟峰老师的课嘛，几点到几点呀求
经调查显示当代年轻人都没有QQ号
那怎样才能成为贾振元儿子[CQ:face,id=343]
找一个早八代课
希望大家反思一下，为啥比不过卖片哥
早上好
加油
晚安
我也都是只用模板
[CQ:reply,id=1706644561][CQ:at,qq=927738956] [CQ:at,qq=927738956] 去下模板
当时扔给我让我试试
当时我第一次接触论文的时候感觉每天都是暗无天日
我们只要是跟计算机一起上的课都没人选
不过原来电信计算机二级也用处不大吗
每日智商下滑
cubemx是真的快
不知道是不是我电脑的问题
[CQ:reply,id=-2023202944][CQ:at,qq=1131226480] [CQ:at,qq=1131226480] 俺用
玩32的佬有用cubemx的吗
感觉如果不是为了加综测，计算机考级没什么意义
差点以为自己要失去敲代码能力了
算法题真得自己写才能会
正则挺好使的
不差这一两年
这群怎么还有软件佬？
是同时发生的
cv是啥
我们教了也都忘了
对了，大家电子系都学java吗
[CQ:reply,id=-1857358719][CQ:at,qq=1208972618] [CQ:at,qq=1208972618] 主要主办方的环境赛道布置光照情况啥的都不知道
软件类题目本身难度不低 但是奖是真的好拿
[CQ:reply,id=254697762][CQ:at,qq=1328881456] [CQ:at,qq=1328881456] 难吗
噢不对
蓝桥杯算法练习赛罢了
[CQ:face,id=64]
不在一个学校就当时觉得异地没法谈
rc也难
萝卜坑是RoboCon，不是RoboCom
鉴定为还好没追上
好地方
robomaster？
大学脱单真难
rm是萝卜坑不
我们学校甚至不能rm
[CQ:reply,id=1058857327][CQ:at,qq=2567111255] [CQ:at,qq=2567111255] xd是真卷[CQ:face,id=264]
[CQ:reply,id=-370385764][CQ:at,qq=1034456463] +1
睡了兄弟们，不能睡太晚，还有早八等着我
我带闺蜜去过
保rk等于保下限是真的
你这活可以去接客了啊 有钱拿，还能爽
俩人高考都超常发挥
校创算科研吗
[CQ:reply,id=-1812566848][CQ:at,qq=957188082] 我也有点
我们高二停课搞竞赛
谁不一样
辽宁是B卷一道题省二，两道题省一
对
??
[CQ:reply,id=527299985][CQ:at,qq=2567111255] [CQ:at,qq=2567111255] 是也不是。。。
我是在这个群里知道什么是大唐杯的
辽宁其实也这样
都不认可数模但是保研偏偏还得靠数模
[CQ:face,id=5][CQ:face,id=5][CQ:face,id=5]
[CQ:face,id=277][CQ:face,id=277][CQ:face,id=277]
我觉得rank是最实在的
确实
一个国三也就
本科生本来就发不出来啥好论文
竞赛和sci
但是保研没有竞赛怎么活?
比不了
大二都快过完了??
我当时想着，我连模数电都不会做啥科研
研究生的老师
我感觉我的学长学姐都是大四下就去研究生学校
yysy
鼠鼠已经亏麻了[CQ:face,id=5]
科研是真的
晚安呐
出考场才知道这个名
但是科大真漂亮啊
[CQ:reply,id=-969092887][CQ:at,qq=927738956] [CQ:at,qq=927738956] 都rank1了[CQ:face,id=277]
直接拿到老师ppt开背
但是想用到推免加分上
[CQ:reply,id=-1390451521][CQ:at,qq=957188082] 中肯的
我当时听的苏淳老师的讲座
大连24在辽宁还是有统治力的
大一上学期没好好学
[CQ:image,file=c9c0b6ee8cbc89c3b0f950c3c2299c5b.image,subType=1,url=https://gchat.qpic.cn/gchatpic_new/1328881456/572430452-3209500930-C9C0B6EE8CBC89C3B0F950C3C2299C5B/0?term=2&amp;is_origin=0]
和大连24差不多
我都怀疑自己是疯子了
不出所料被爆杀
[CQ:image,file=87923d69a780c4012b16bda5f4718552.image,subType=7,url=https://gchat.qpic.cn/gchatpic_new/1556516961/572430452-2697249576-87923D69A780C4012B16BDA5F4718552/0?term=2&amp;is_origin=1]
[CQ:reply,id=-1190290699][CQ:at,qq=1131226480] [CQ:at,qq=1131226480] 唉:-(
都考了
真一起了
科大可以跨力学
名气比较小
事情结束完又是挑战杯，又是计设赛
[CQ:reply,id=1953001876][CQ:at,qq=3094239050] 你可以试试中科大[CQ:at,qq=3094239050] 
[CQ:reply,id=1035253487][CQ:at,qq=927738956] 6.11吗[CQ:at,qq=927738956] 
6
你们都不考虑南大吗
校内加分，得打一下
我们报名费都没得报销
真卷啊你们
我宁愿夏令营华科也不愿九推去上交[CQ:face,id=277]
哦哦
[CQ:reply,id=392786057][CQ:at,qq=3094239050] [CQ:at,qq=3094239050] 那没事
这几天比赛五六个
[CQ:reply,id=1123377143]基本没有
行，哥
[CQ:reply,id=-1135197263]有用吗
跨保去的宇航
看我群昵称就懂了
我啥都没有
现在有点纠结浙大和上交
纯交流营
还得是清华
[CQ:reply,id=1809641211]thu
好像我记得有个学校夏令营不给优营了
[CQ:face,id=277][CQ:face,id=277][CQ:face,id=277]
[CQ:face,id=277][CQ:face,id=277]
大部分95➕5
除了电信呢
[CQ:face,id=277]
而且感觉老师对我的课设都比我的比赛感兴趣
[CQ:reply,id=409230669][CQ:at,qq=1366514757] [CQ:at,qq=1366514757] 保研加分
做完直接去计算所
[CQ:reply,id=1638672936]sz
但我没学过高频啊哈哈哈或
电信学部保研率唉
机械领导们真是不干人事
电源类怎么说
反正机械有
但可以攒经历
我们班两三个人在一生一心
一生一芯这个项目有了解的吗
但去年有邀请赛好像也有国奖
[CQ:reply,id=97788141][CQ:at,qq=2567111255] [CQ:at,qq=2567111255] 小车[CQ:face,id=277]
大帝发话了
集创赛含金量咋样啊
太爽了，查重还查不到
[CQ:reply,id=937575023][CQ:at,qq=1819345998] [CQ:at,qq=1819345998] 啊？
电赛推荐电院和信号
毕设用chatgpt写好爽啊
准备个openart
[CQ:image,file=b451e7a372fc0f254844f8ac216af9a1.image,subType=0,url=https://gchat.qpic.cn/gchatpic_new/80000000/665647033-2838571360-B451E7A372FC0F254844F8AC216AF9A1/0?term=2&amp;is_origin=0]
估计20%左右
我们学校拿奖才能报销
对
真不想在本校
机械咱们学校往届有硕博的
120×190吗
但是浙大直博，上交硕士，所以我也很纠结
好到爆炸那种
嗷
[CQ:image,file=75990ca9a3853bd3532e44b689d24675.image,subType=7,url=https://gchat.qpic.cn/gchatpic_new/2667509169/572430452-2213500024-75990CA9A3853BD3532E44B689D24675/0?term=2&amp;is_origin=0]
我担负不起
应该是
[CQ:reply,id=166523453][CQ:at,qq=1328881456] [CQ:at,qq=1328881456] [CQ:face,id=267][CQ:face,id=267]
小车咋搞
控制类就是小车吗
我记得夏令营是大三暑假，出国申请是大四上。夏令营梦校如果感觉不是特别稳的话，能不能再考虑润。我现在是按出国准备的，但是感觉和保研也不太冲突
杭州生活成本比上海低些
无人机也还行（
有没有过来人讲讲，可不可以把保研当保底，保不到自己想要的学校再出国
要你自己觉得
[CQ:image,file=cfa6e478921ea5d47354c8c23076364f.image,subType=0,url=https://gchat.qpic.cn/gchatpic_new/1430855430/1129396771-2321945772-CFA6E478921EA5D47354C8C23076364F/0?term=2&amp;is_origin=1]
我想去华五只能去软院
我rank只有6%这样?
旦旦大数据有笔试，不知道电信搞不搞
[CQ:image,file=7c743af2a8723ac46af246ed2739af77.image,subType=1,url=https://gchat.qpic.cn/gchatpic_new/2546559698/572430452-3104830976-7C743AF2A8723AC46AF246ED2739AF77/0?term=2&amp;is_origin=0]
感觉想拿大奖至少得打2年
反正计算机是这样的
模电数电
都需要学些什么吗？
[CQ:reply,id=-716856660]清深不考虑，感觉为了毕业证不值得
那估计是小专业了[CQ:face,id=277]
[CQ:image,file=7133d2c40d9cf02ad75ece097c19863e.image,subType=7,url=https://gchat.qpic.cn/gchatpic_new/3094239050/665647033-2207105652-7133D2C40D9CF02AD75ECE097C19863E/0?term=2&amp;is_origin=0]
每别的意思
冲突了
工科基本都上交
基本上交
哈深规模小
大力引进刚果黑驴，解决生育率下降以及人矿老龄化问题?
很快就出国奖了？
我直接砸100意愿值
电赛大佬在哪
今年电赛出成绩是在928之后吗
够呛
而且单项很少
掉10%了
你呢
[CQ:face,id=277]
对啊
去年要求凌晨完成拟录取
大工外保
但是也就难一点点
彳亍
[CQ:face,id=264]感觉跨保专业最顺利的就西交了
感觉机械5%以后上交就无缘了
[CQ:image,file=8eb86b3e74c8a373c8735688c9079c4f.image,subType=7,url=https://gchat.qpic.cn/gchatpic_new/3094239050/665647033-2690390060-8EB86B3E74C8A373C8735688C9079C4F/0?term=2&amp;is_origin=0]
密院跟普通的有啥区别啊
不是大工的
我都快自闭了
[CQ:face,id=312,type=sticker]
开发区缺文科专业
找工作咋办
最大的官是哪呀
[CQ:face,id=264]
胡文华老师[CQ:face,id=226]
怎么会这么快分流
电信是先分流再小学期吗
花点时间就有高分
有认识王云赫老师吗？
你们为啥有??
那得别的学校
带工计科莫碰瓷软院[CQ:face,id=265]
家人们 大英四的成绩构成是什么样的 我们老师没说[CQ:face,id=5]
[CQ:image,file=af5d1050c86e3928114d772fecad573c.image,subType=0,url=https://gchat.qpic.cn/gchatpic_new/80000000/665647033-2974706934-AF5D1050C86E3928114D772FECAD573C/0?term=2&amp;is_origin=0]
海阔凭鱼跃 资源受限也能干点别的
[CQ:face,id=277]
有没有uu知道健身房开门时间是啥样的～
[CQ:image,file=f9527862ddd3601c92cb16f374bae12f.image,subType=7,url=https://gchat.qpic.cn/gchatpic_new/2010443266/665647033-2893777750-F9527862DDD3601C92CB16F374BAE12F/0?term=2&amp;is_origin=0]
[CQ:reply,id=195710052][CQ:at,qq=1254976559] [CQ:at,qq=1254976559] 那这个
华工毕竟正厅级
也就这点优势了
大工软院还行的
[CQ:image,file=7796e1c0014bc0b28283a97dbc30a807.image,subType=1,url=https://gchat.qpic.cn/gchatpic_new/1332014409/572430452-3011256238-7796E1C0014BC0B28283A97DBC30A807/0?term=2&amp;is_origin=0]
西交软院
有
[CQ:image,file=083fcbd866439615d13c95029c6588d9.image,subType=1,url=https://gchat.qpic.cn/gchatpic_new/178019836/665647033-3217803848-083FCBD866439615D13C95029C6588D9/0?term=2&amp;is_origin=0]
[CQ:image,file=088a44385e11a26ce3441a8165ee75c6.image,subType=1,url=https://gchat.qpic.cn/gchatpic_new/178019836/665647033-2190470162-088A44385E11A26CE3441A8165EE75C6/0?term=2&amp;is_origin=0]
[CQ:image,file=77e84c8917ca3ca22868c0ca115c83ca.image,subType=1,url=https://gchat.qpic.cn/gchatpic_new/3243635445/2079186790-2700498142-77E84C8917CA3CA22868C0CA115C83CA/0?term=2&amp;is_origin=0]
[CQ:reply,id=-1671499603][CQ:at,qq=1842854353] [CQ:at,qq=1842854353] 要几个
[CQ:face,id=347]
杨亚文的俄苏经典电影及文学艺术欣赏咋样哇[CQ:face,id=13]
还真是
你不攻击他我要攻击你了
[CQ:reply,id=1461202426]你就骂他贱
[CQ:reply,id=-438593618]要我说就是犯贱
朋友圈是立马发的
太典了
内部消化
[CQ:reply,id=1150574661]我听说了没笑死我
和智障
两个系的电子科学与技术方向不同
[CQ:reply,id=-619401342]小红书一堆反串引战的
突然开始佩服童锦程了，能让女生为他花钱[CQ:face,id=5]
再不行分了
[CQ:image,file=f3fb28ad88309383106b0ff00e63382c.image,subType=1,url=https://gchat.qpic.cn/gchatpic_new/1500382618/665647033-2166949680-F3FB28AD88309383106B0FF00E63382C/0?term=2&amp;is_origin=0]
故意来这找骂的吧
不要当ATM
你自己买的东西就自己付呗
你们那的习惯真奇怪
?
p？
然后上岸率低了
没几个考上的
上一届怎么没有华五
[CQ:at,qq=576405807] 
就我打听到的
软微
建议按寝室进群，一个寝室进来一个人[CQ:face,id=178]
不是现在考虑的
但是最后还得是看工作
[CQ:image,file=4b284a799159539901393e33b354f54b.image,subType=1,url=https://gchat.qpic.cn/gchatpic_new/457600/665647033-2197608290-4B284A799159539901393E33B354F54B/0?term=2&amp;is_origin=0]
是这样的
哥们你sdu＝山东四非？[CQ:at,qq=1366514757] 
???
你不会觉得保研的都能找到很好的工作吧
出国的
去找工作能不能找个二三十k的都难说
还是你所谓的保研头部就是绩点前几
吕
又不是头部保研哥
你要是大一下确实累
非常厉害
兄弟们问个题外话
我感觉课业压力没有那么大
哈哈哈哈哈哈哈哈哈哈哈哈哈哈
够呛
就算匿名也是敢发言的
多虑了呐
银行破产咋办
很不合常理
就是 社交恐怖分子
他wys嘛
c9量化金融硕前景咋样
[CQ:reply,id=-1223930726][CQ:at,qq=2094956774] [CQ:at,qq=2094956774] 你是不是刚刚还去问了一下
如果只靠你讲就废了
老师能不能出点难的题，这些题太简单了
124在数院老师面前
比我高
而我喜欢去偷偷吃别人瓜
我感觉他应该很逆天
没签到
光头吗
我去点错了
都忘了还报了空天院
我感觉万院士精神失常之前应该是个很好的人
害怕
[CQ:reply,id=-1285777695]他们是什么样子
要么是top的奋斗b
发生什么事了
speexx啥时候考试啊
硕士有一篇够毕业了不
[CQ:at,qq=2328009408] 
话说空天院春令营出名单了吗
中原地区
[CQ:reply,id=-99569113][CQ:at,qq=1445548086] [CQ:at,qq=1445548086] 我也听说是
[CQ:face,id=265]
电深
分享到班级群了，为我们拉拉人[CQ:face,id=182][CQ:face,id=182][CQ:face,id=182]
[CQ:face,id=178]
[CQ:image,file=1c47c9ac62c4ebf301a67ec2b9d8cd41.image,subType=1,url=https://gchat.qpic.cn/gchatpic_new/927738956/572430452-3071167250-1C47C9AC62C4EBF301A67EC2B9D8CD41/0?term=2&amp;is_origin=0]
还要做飞书的任务来着
应该是推荐信电子版+推荐信密封好签字的照片
当时发了一个表
特大号鼠标垫赠送
[CQ:image,file=763331f8c9b6939f53eb1069b6962b39.image,subType=7,url=https://gchat.qpic.cn/gchatpic_new/927738956/572430452-2471064096-763331F8C9B6939F53EB1069B6962B39/0?term=2&amp;is_origin=0]
你兰歧视本省
小学生都会唱
用的人还长手了呢
我怎么收到了200
北理什么情况，有夏令营吗？
100元一次
小帐篷一搭,甭管是教学楼还是小花园
家里可以支持的为啥不出国啊
上交密院学费7.5w[CQ:face,id=226][CQ:face,id=226]
线下还要去北京
牛逼
是啊
加完群了到现在群里也是什么通知没有
那地方有啥好的
谁下课了不想坐一会
 旁边就是b楼，那么多自习位
你接着说啊
a区一共10张小圆桌
下会遇到直接挂墙上
你拿小圆桌是他妈复习吗？
急了急了
劳动2得上
不知道被哪些人搬走了
北航 北理大约什么时候出?
cpp啥方向好
常见的文体积分校一等7二等5三等3优秀2，第一到第六名765432；学院冠亚季432，一二三等432
诶对了我们劳动一点没说啊
[CQ:reply,id=-570860230]查不了，小学期评奖学金会给你算的
自己怎么查自己的文体积分啊
第一轮网申发报名号，第二轮飞书任务走过场，第三轮继续材料筛
烧烤摊 黄了
群里985都不止50个
应该挺快的
呵呵~是夸我吗？
是的呢
[CQ:at,qq=1905421031] 你破什么防
打电话给教务处说是补测安排在大三测完50米之后
出鞋柜，6r
但是郊区便宜多了
什么？这不是开发区一中的群吗？
尤其是信通那几个题，百度搜代码都能搜出来
对啊，报名又不要推荐信。
我怎么不知道
码农时薪可能还没老师高
还稳定
真想回家当老师
大工那个不确定,也可能是差不多学校的
真悔不当初
有啥好破防的
没事就轻松
有一说一，回老家七千真还行
去上课还凉飕飕的
北上广深的放假属于不可望不可及
81
要推荐信呐[CQ:face,id=262]
[CQ:image,file=ea2d613d7c924108f0b39e5e773b1ab9.image,subType=1,url=https://gchat.qpic.cn/gchatpic_new/1214217158/2630953299-2401093148-EA2D613D7C924108F0B39E5E773B1AB9/0?term=2&amp;is_origin=0]
想问一下Jason老师给分高嘛[CQ:face,id=324]
这是让你先拿下优营
往年南开都是清一色录取本校的
nku群里一堆985
联系老师就上岸
[CQ:reply,id=1380017128]少上网
[CQ:reply,id=1339906107]不如实名算了
我真的是在大工软院
正式工作1w
不能理解的要么是大佬要么是富哥要么是没经历过毒打
选哪个
面试没什么，主要收不到面试
没啥情况啊
我们学院
你在小瞧卡西欧[CQ:face,id=317]
[CQ:image,file=314db052c1847c0b51794ce3eff22482.image,subType=1,url=https://gchat.qpic.cn/gchatpic_new/80000000/665647033-2340674180-314DB052C1847C0B51794CE3EFF22482/0?term=2&amp;is_origin=0]
希望如此
是看水平
就1w左右啊
不爱其他动物更是……
对纹身，染发不包容，却能包容虐杀动物
还是本科学历
没想象的多啊
不明白
大连应该好找一点
是的
电子信息与电气工程学部
懂了，字节sp是吧
怕没实习，秋招找不着保底工作[CQ:face,id=107]
应该总能找到的
不知道，有点迷，只能慢慢找
信通?
[CQ:reply,id=-1925833185][CQ:at,qq=542844207] 结
贾老师找着实习没[CQ:face,id=107]
确实[CQ:face,id=338]
15r急收一个同学帮忙拿东西从宿舍到操场
5.0 这个排名
[CQ:reply,id=-896903067][CQ:at,qq=515783489] 真的！我能证明
外卖配送费都能干一瓶柠檬水了
中食那个小笼包也是说店面升级
没了
这学期一次93，一次79
一半也行[CQ:face,id=187][CQ:face,id=187][CQ:face,id=187]
无敌小攻的小媳妇儿
[CQ:image,file=1e1128994aa15c51a5a71af8aa8e350a.image,subType=1,url=https://gchat.qpic.cn/gchatpic_new/2214944912/665647033-2352496990-1E1128994AA15C51A5A71AF8AA8E350A/0?term=2&amp;is_origin=0]
[CQ:image,file=1d9c3dad727e20d3a52bb047bea2b393.image,subType=1,url=https://gchat.qpic.cn/gchatpic_new/2175914720/665647033-2550789486-1D9C3DAD727E20D3A52BB047BEA2B393/0?term=2&amp;is_origin=0]
别闹
[CQ:reply,id=2135738190][CQ:at,qq=1798658645] 可以[CQ:at,qq=1798658645] 自己拿电脑的，想咋样都行
[CQ:reply,id=1327495057]貌似好像是
开盒开盒
群里怎么这么多神?
[CQ:reply,id=1164915522]大佬[CQ:face,id=277]
开盒
好喜欢小兔
[CQ:reply,id=1808596602][CQ:at,qq=2175914720] [CQ:at,qq=2175914720] ？
[CQ:at,qq=1066305935] 不怎么样 看你保研看不看这个成绩
唔
怎么都是神
但是你要想跟就跟
反正在我们的群里
那就二战加油呗
坑
[CQ:face,id=311,type=sticker]
事情比较多
[CQ:face,id=299][CQ:face,id=299]
紧张又刺激！
我舍友说比体能课还累
本意是想骑驴找马
好像是
有人知道电创实训课的成绩算电信分流吗？
这学期碰到了个王庆勇的散打
做speexx期末考试能长按翻译吗
但是体育成绩体测那项是两次取最高好像
？？？
考的都是原题
都没有吗
[CQ:face,id=277]
选Stephen
[CQ:image,file=ebc05b01d26f8adbbcc0a27d1970e30a.image,subType=7,url=https://gchat.qpic.cn/gchatpic_new/3094239050/665647033-2195025874-EBC05B01D26F8ADBBCC0A27D1970E30A/0?term=2&amp;is_origin=0]
[CQ:reply,id=-281571594][CQ:at,qq=1216609161] [CQ:at,qq=1216609161] 感谢感谢
很有可能
羡慕大一就学完英语的人
真大佬都是C2
求一个未满员的社会实践小组（非形势与政策）
从A1.1-B2.2
会不会不收哈哈哈哈
劝了我看啥[CQ:face,id=277]
jason可太好玩了
Jason好像还不承认speexx这个东西
speexx我的练习100分才会给对应的满分嘛？
[CQ:image,file=07e297c618b30a89c63f955bc4c6f844.image,subType=1,url=https://gchat.qpic.cn/gchatpic_new/2776746768/665647033-2590478554-07E297C618B30A89C63F955BC4C6F844/0?term=2&amp;is_origin=0]
国际班吗
出三脚架20r
老师还问我为啥会分到大英一
这个考高也没用
跑
就满分
speexx期末分是咋算的呀同学们
我经常帮助一些俏佳人
出尤克里里，30R
手头的书不看
小学期社会实践怎么提交
工训让我请先评论课程，可我早就评过教了啊
[CQ:image,file=b4e25fa15d4ed49798d4ae278083a3a7.image,subType=1,url=https://gchat.qpic.cn/gchatpic_new/1301189941/665647033-2193294762-B4E25FA15D4ED49798D4AE278083A3A7/0?term=2&amp;is_origin=0]
第八章那个 设计路灯系统的
好好谢谢
[CQ:reply,id=-2111008857][CQ:at,qq=2412211399] [CQ:at,qq=2412211399] 多谢[CQ:face,id=294]
大物下我有存货
[CQ:reply,id=-390554368]嗯，多谢
你还是继续选自己导师不就行了
国际班
[CQ:image,file=77bd88bf3e3d922047a49a8971db74d8.image,subType=7,url=https://gchat.qpic.cn/gchatpic_new/80000000/665647033-2427149644-77BD88BF3E3D922047A49A8971DB74D8/0?term=2&amp;is_origin=0]
你能加到微信吗？[CQ:face,id=178][CQ:face,id=178]
大物算是挺简单的基础课了[CQ:face,id=267]
软国大三小学期，选哪个课好啊
[CQ:reply,id=1858143097][CQ:at,qq=2698341440] 好滴谢谢宁
[CQ:face,id=182][CQ:face,id=264]
多删一会
ctrl a
不是 这密码自动
[CQ:image,file=094317b31fefeed509dadb5ca107bca6.image,subType=0,url=https://gchat.qpic.cn/gchatpic_new/1910857922/1129396771-2759222096-094317B31FEFEED509DADB5CA107BCA6/0?term=2&amp;is_origin=1]
[CQ:reply,id=724806727][CQ:at,qq=1307289115] [CQ:at,qq=1307289115] 我记过时，要是没人不堵的话，算上爬中间歇一会儿的时间，从检票处开始不到50分钟就登顶了，就算看日出也没必要这么早吧
解压后，123改成doc
[CQ:reply,id=1762235595]选修课不影响
[CQ:image,file=2551f94b7cba7817173ece92058e8ee2.image,subType=0,url=https://gchat.qpic.cn/gchatpic_new/1831996671/1129396771-2264864294-2551F94B7CBA7817173ECE92058E8EE2/0?term=2&amp;is_origin=1]
为啥出了一阵子又没了，然后一直到现在
OK
我这学期选了习思想 尔雅的 就是这样
[CQ:reply,id=-1036605453]在哪啊请问
12000刀乐
总之别寄必修
有高数往年真题吗
[CQ:image,file=255198cbebc5313fcf5ebea0422f9467.image,subType=1,url=https://gchat.qpic.cn/gchatpic_new/2680985058/665647033-2864856542-255198CBEBC5313FCF5EBEA0422F9467/0?term=2&amp;is_origin=0]
但是不算保研加权分
[CQ:image,file=a28fe834b196d4b9c89ee300bf6da9c5.image,subType=1,url=https://gchat.qpic.cn/gchatpic_new/2457126874/665647033-2690492036-A28FE834B196D4B9C89EE300BF6DA9C5/0?term=2&amp;is_origin=0]
综二几零几[CQ:face,id=277]
好的谢谢
大英期末正常来说是线上还是线下？大英二大概什么难度？
[CQ:json,data={"app":"com.tencent.troopsharecard"&#44;"config":{"ctime":1685342293&#44;"token":"70d64227e8f9da5a7005beb41cdb6929"}&#44;"meta":{"contact":{"avatar":"https://p.qlogo.cn/gh/291026738/291026738/100"&#44;"contact":""&#44;"jumpUrl":"http://qm.qq.com/cgi-bin/qm/qr?_wv=1027&amp;k=3uKulUW98ywrT5L8-pjJlLfyccedBWno&amp;authKey=rRJtIXTFsQcOQ4tWxOYgsK0xfday8g1Zc1drmXc5WgqWuvsS%2BblsIJO5dRlXOD1N&amp;noverify=0&amp;group_code=291026738"&#44;"nickname":"五月勤工俭学通知群"&#44;"tag":"推荐群聊"&#44;"tagIcon":"https://p.qlogo.cn/gh/291026738/291026738/100"}}&#44;"prompt":"推荐群聊"&#44;"ver":"1.0.0.30"&#44;"view":"contact"}
]
好的[CQ:face,id=344][CQ:face,id=344][CQ:face,id=344]谢谢
民勇
泪目了
没人听啊
小学期几周啊
大二闲得一批
欢迎报考
到六月十二号
[CQ:reply,id=-72193131]捞捞
近代史机考是真ex啊
麻了
求问经济学原理的考试是在小学期的第几周[CQ:face,id=324][CQ:face,id=324]
所以士力架到底是谁的
掉了也有5分，怕啥
他说期末考试
家人们，京东的大连理工大学小蜜蜂智慧服务中心在哪儿啊
[CQ:face,id=325][CQ:face,id=325]
考试难不难我不好说[CQ:face,id=178]
okok
这么抽象
打不够7不会真给挂了吧
[CQ:image,file=b90c45ca96ab9412d042bae9e9e06a90.image,subType=1,url=https://gchat.qpic.cn/gchatpic_new/2629667497/1129396771-2720032290-B90C45CA96AB9412D042BAE9E9E06A90/0?term=2&amp;is_origin=0]
[CQ:reply,id=1605681901][CQ:at,qq=1462992421] 谁找到了说一声啊
明...早???
[CQ:reply,id=-1826505687][CQ:at,qq=2175914720] 真没啊到底了[CQ:at,qq=2175914720] 
在精华消息里有
100也不一定[CQ:face,id=277]
没事没事
创业管理怎么样啊
选哪个都行
[CQ:image,file=443d8858fa61eef8874cc14c07487d32.image,subType=0,url=https://gchat.qpic.cn/gchatpic_new/80000000/665647033-2302302870-443D8858FA61EEF8874CC14C07487D32/0?term=2&amp;is_origin=0]
[CQ:image,file=d74620364520ea55b686b83a1919817b.image,subType=1,url=https://gchat.qpic.cn/gchatpic_new/80000000/665647033-3171775064-D74620364520EA55B686B83A1919817B/0?term=2&amp;is_origin=0]
同学们好[CQ:face,id=341]
这是咱们勤工俭学服务中心的QQ群，平时要是没有课了的话，有想勤工俭学的可以进群了解一下
群号：535528831
&#91;推荐群聊&#93;请使用最新版本手机QQ查看[CQ:json,data={"app":"com.tencent.troopsharecard"&#44;"desc":""&#44;"bizsrc":""&#44;"view":"contact"&#44;"ver":"1.0.0.30"&#44;"prompt":"推荐群聊"&#44;"appID":""&#44;"sourceName":""&#44;"actionData":""&#44;"actionData_A":""&#44;"sourceUrl":""&#44;"meta":{"contact":{"avatar":"https:\/\/p.qlogo.cn\/gh\/658202500\/658202500\/100"&#44;"contact":""&#44;"jumpUrl":"http:\/\/qm.qq.com\/cgi-bin\/qm\/qr?_wv=1027&amp;k=AM4aQu1Q5SPE0FmSIK8-rsqYlnweOMzr&amp;authKey=x9XKrOjTB93reaaJ6C%2B5K9%2FcVQS%2BBxLVmoXp894ecsXRYUX86tFbQ%2FKFbJIW19br&amp;noverify=0&amp;group_code=658202500"&#44;"nickname":"第三届勤工助学通知"&#44;"tag":"推荐群聊"&#44;"tagIcon":"https:\/\/p.qlogo.cn\/gh\/658202500\/658202500\/100"}}&#44;"config":{"ctime":1685331882&#44;"token":"2efe65353fec1645687d65239c6cf706"}&#44;"text":""&#44;"sourceAd":""&#44;"extra":""}]
好的，谢谢[CQ:face,id=63]
是野生的还是养殖的
匿名群回来了
